Workbook

Sheet raw_data
A1: subj | B1: include | C1: site | D1: gender | E1: birthdate | F1: test_date | G1: age | H1: age_at_diagnosis | I1: duration | J1: nationality | K1: marital_status | L1: religion_belief_worldview | M1: Housing_situation | N1: Cohabitation | O1: Nursing_support | P1: Residential_location | Q1: School_graduation | R1: Professional_education | S1: Advance_directive | T1: Power_of_attorney | U1: other_document | V1: palliative_care_knowledge | W1: hospice_knowledge | X1: thoughts_about_end_of_life_wishes | Y1: Sharing_of_thoughts | Z1: Thoughts_dicussed_with | AA1: asked_about_end_of_life_wishes | AB1: asked_by_whom | AC1: preferred_place_of_care | AD1: preferred_place_of_death | AE1: POD_family_friends | AF1: POD_GP | AG1: POD_neurologist | AH1: POD_AD | AI1: LEDD | AJ1: Levodopa/Carbidopa | AK1: Levodopa/Carbidopa CR | AL1: Entacapone | AM1: Tolcapone | AN1: Pramipexole | AO1: Ropinirole | AP1: Rotigotine | AQ1: Selegiline, oral | AR1: Selegiline, sublingual | AS1: Rasagiline | AT1: Amantadine | AU1: Apomorphine | AV1: Piribedil | AW1: Safinamid | AX1: Opicapon | AY1: Hoehn_Yahr | AZ1: PDQ_1 | BA1: PDQ_2 | BB1: PDQ_3 | BC1: PDQ_4 | BD1: PDQ_5 | BE1: PDQ_6 | BF1: PDQ_7 | BG1: PDQ_8 | BH1: PDQ_9 | BI1: PDQ_10 | BJ1: PDQ_11 | BK1: PDQ_12 | BL1: PDQ_13 | BM1: PDQ_14 | BN1: PDQ_15 | BO1: PDQ_16 | BP1: PDQ_17 | BQ1: PDQ_18 | BR1: PDQ_19 | BS1: PDQ_20 | BT1: PDQ_21 | BU1: PDQ_22 | BV1: PDQ_23 | BW1: PDQ_24 | BX1: PDQ_25 | BY1: PDQ_26 | BZ1: PDQ_27 | CA1: PDQ_28 | CB1: PDQ_29 | CC1: PDQ_30 | CD1: PDQ_31 | CE1: PDQ_32 | CF1: PDQ_33 | CG1: PDQ_34 | CH1: PDQ_35 | CI1: PDQ_36 | CJ1: PDQ_37 | CK1: PDQ_38 | CL1: PDQ_39 | CM1: Mobility | CN1: ADL | CO1: EmotionalWEllbeing | CP1: stigma | CQ1: SocialSupport | CR1: Cognition | CS1: Communication | CT1: BodilyDiscomfort | CV1: UPDRS_1_1 | CW1: UPDRS_1_2 | CX1: UPDRS_1_3 | CY1: UPDRS_1_4 | CZ1: UPDRS_1_5 | DA1: UPDRS_1_6 | DB1: UPDRS_1a_source | DC1: UPDRS_1_7 | DD1: UPDRS_1_8 | DE1: UPDRS_1_9 | DF1: UPDRS_1_10 | DG1: UPDRS_1_11 | DH1: UPDRS_1_12 | DI1: UPDRS_1_13 | DJ1: UPDRS_1b_source | DK1: updrs_I | DL1: UPDRS_2_1 | DM1: UPDRS_2_2 | DN1: UPDRS_2_3 | DO1: UPDRS_2_4 | DP1: UPDRS_2_5 | DQ1: UPDRS_2_6 | DR1: UPDRS_2_7 | DS1: UPDRS_2_8 | DT1: UPDRS_2_9 | DU1: UPDRS_2_10 | DV1: UPDRS_2_11 | DW1: UPDRS_2_12 | DX1: UPDRS_2_13 | DY1: updrs_II | DZ1: UPDRS_3_1 | EA1: UPDRS_3_2 | EB1: UPDRS_3_3_Nacken | EC1: UPDRS_3_3_ROE | ED1: UPDRS_3_3_LOE | EE1: UPDRS_3_3_RUE | EF1: UPDRS_3_3_LUE | EG1: UPDRS_3_4_R | EH1: UPDRS_3_4_L | EI1: UPDRS_3_5_R | EJ1: UPDRS_3_5_L | EK1: UPDRS_3_6_R | EL1: UPDRS_3_6_L | EM1: UPDRS_3_7_R | EN1: UPDRS_3_7_L | EO1: UPDRS_3_8_R | EP1: UPDRS_3_8_L | EQ1: UPDRS_3_9 | ER1: UPDRS_3_10 | ES1: UPDRS_3_11 | ET1: UPDRS_3_12 | EU1: UPDRS_3_13 | EV1: UPDRS_3_14 | EW1: UPDRS_3_15_R | EX1: UPDRS_3_15_L | EY1: UPDRS_3_16_R | EZ1: UPDRS_3_16_L | FA1: UPDRS_3_17_ROE | FB1: UPDRS_3_17_LOE | FC1: UPDRS_3_17_RUE | FD1: UPDRS_3_17_LUE | FE1: UPDRS_3_17_lip_jaw | FF1: UPDRS_3_18 | FG1: updrs_III | FH1: UPDRS_4_1 | FI1: UPDRS_4_2 | FJ1: UPDRS_4_3 | FK1: UPDRS_4_4 | FL1: UPDRS_4_5 | FM1: UPDRS_4_6 | FN1: updrs_IV | FO1: UPDRS_sum | FP1: bdi_score | FQ1: MOCA_VISUOSPATIAL | FR1: MOCA_NAMING | FS1: MOCA_Attention | FT1: MOCA_language | FU1: MOCA_abstraction | FV1: MOCA_RECALL | FW1: MOCA_Orientation | FX1: MOCA_score | FY1: Charlson_withoutage | FZ1: Charlson_withage | GA1: dbs
A2: 1 | B2: 1 | C2: 1 | D2: 0 | E2: 23843 | F2: 44347 | G2: =DATEDIF(E2,F2,"M")/12 -> 56.083333 | H2: 53 | I2: =G2-H2 -> 3.0833333 | J2: 0 | K2: 3 | L2: 1 | M2: 0 | N2: 2 | O2: 0 | P2: 2 | Q2: 2 | R2: 1 | S2: 1 | T2: 1 | U2: 0 | V2: 1 | W2: 1 | X2: 2 | Y2: 3 | Z2: 1 | AA2: 3 | AB2: 1 | AC2: 0 | AD2: 0 | AE2: 0 | AF2: 0 | AG2: 0 | AH2: 0 | AI2: =AJ2*ledd!$B$2+AK2*ledd!$B$3+AL2*ledd!$B$4+AM2*ledd!$B$5+AN2*ledd!$B$6+AO2*ledd!$B$7+AP2*ledd!$B$8+AQ2*ledd!$B$9+AR2*ledd!$B$10+AS2*ledd!$B$11+AT2*ledd!$B$12+AU2*ledd!$B$13+AV2*ledd!$B$14+AW2*ledd!$B$15+AX2*ledd!$B$16 -> 665 | AJ2: 100 | AK2: 300 | AL2: 0 | AM2: 0 | AN2: 0 | AO2: 0 | AP2: 8 | AQ2: 0 | AR2: 0 | AS2: 1 | AT2: 0 | AU2: 0 | AV2: 0 | AW2: 0 | AX2: 0 | AY2: 4 | AZ2: 2 | BA2: 1 | BB2: 1 | BC2: 3 | BD2: 1 | BE2: 1 | BF2: 2 | BG2: 2 | BH2: 2 | BI2: 2 | BJ2: 1 | BK2: 1 | BL2: 1 | BM2: 2 | BN2: 1 | BO2: 1 | BP2: 2 | BQ2: 3 | BR2: 2 | BS2: 3 | BT2: 2 | BU2: 1 | BV2: 1 | BW2: 1 | BX2: 1 | BY2: 1 | BZ2: 2 | CA2: 1 | CB2: 1 | CC2: 1 | CD2: 1 | CE2: 1 | CF2: 1 | CG2: 3 | CH2: 3 | CI2: 1 | CJ2: 1 | CK2: 2 | CL2: 1 | CM2: =(SUM(AZ2:BI2)*100/40) -> 42.5 | CN2: =SUM(BJ2:BO2)*100/24 -> 29.166667 | CO2: =SUM(BP2:BU2)*100/24 -> 54.166667 | CP2: =SUM(BV2:BY2)*100/16 -> 25 | CQ2: =SUM(BZ2:CB2)*100/12 -> 33.333333 | CR2: =SUM(CC2:CF2)*100/16 -> 25 | CS2: =SUM(CG2:CI2)*100/12 -> 58.333333 | CT2: =SUM(CJ2:CL2)*100/12 -> 33.333333 | CU2: =SUM(CM2:CT2)/8 -> 37.604167 | CV2: 0 | CW2: 0 | CX2: 3 | CY2: 1 | CZ2: 0 | DA2: 0 | DB2: 0 | DC2: 0 | DD2: 0 | DE2: 1 | DF2: 0 | DG2: 0 | DH2: 3 | DI2: 0 | DJ2: 0 | DK2: =SUM(CV2:DA2,DC2:DI2) -> 8 | DL2: 0 | DM2: 2 | DN2: 2 | DO2: 0 | DP2: 1 | DQ2: 0 | DR2: 1 | DS2: 4 | DT2: 4 | DU2: 3 | DV2: 0 | DW2: 4 | DX2: 0 | DY2: 21 | DZ2: 1 | EA2: 1 | EB2: 0 | EC2: 0 | ED2: 0 | EE2: 1 | EF2: 1 | EG2: 0 | EH2: 0 | EI2: 0 | EJ2: 0 | EK2: 0 | EL2: 0 | EM2: 2 | EN2: 2 | EO2: 0 | EP2: 0 | EQ2: 0 | ER2: 3 | ES2: 3 | ET2: 3 | EU2: 0 | EV2: 0 | EW2: 0 | EX2: 0 | EY2: 0 | EZ2: 0 | FA2: 0 | FB2: 0 | FC2: 0 | FD2: 0 | FE2: 0 | FF2: 0 | FG2: =SUM(DZ2:FF2) -> 17 | FH2: 0 | FI2: 0 | FJ2: 0 | FK2: 1 | FL2: 0 | FM2: 0 | FN2: =SUM(FH2:FM2) -> 1 | FO2: =SUM(DK2,DY2,FG2,FN2) -> 47 | FP2: 5 | FQ2: 5 | FR2: 3 | FS2: 6 | FT2: 3 | FU2: 2 | FV2: 4 | FW2: 6 | FX2: =SUM(FQ2:FW2) -> 29 | FY2: 0 | FZ2: =IF($G2<=50,$FY2+0,IF(AND($G2<60,$G2>50),$FY2+1,IF(AND($G2<70,$G2>60),$FY2+2,IF(AND($G2<80,$G2>70),$FY2+3,IF(AND($G2<90,$G2>80),$FY2+4,IF($G2>=90,$FY2+5,"")))))) -> 1 | GA2: 1
A3: 2 | B3: 1 | C3: 1 | D3: 1 | E3: 21078 | F3: 44348 | G3: =DATEDIF(E3,F3,"M")/12 -> 63.666667 | H3: 50 | I3: =G3-H3 -> 13.666667 | J3: 0 | K3: 1 | L3: 0 | M3: 0 | N3: 3 | O3: 1 | P3: 4 | Q3: 2 | R3: 1 | S3: 1 | T3: 1 | U3: 0 | V3: 1 | W3: 1 | X3: 3 | Y3: 3 | Z3: 0 | AA3: 3 | AB3: 0 | AC3: 0 | AD3: 0 | AE3: 1 | AF3: 0 | AG3: 0 | AH3: 0 | AI3: =AJ3*ledd!$B$2+AK3*ledd!$B$3+AL3*ledd!$B$4+AM3*ledd!$B$5+AN3*ledd!$B$6+AO3*ledd!$B$7+AP3*ledd!$B$8+AQ3*ledd!$B$9+AR3*ledd!$B$10+AS3*ledd!$B$11+AT3*ledd!$B$12+AU3*ledd!$B$13+AV3*ledd!$B$14+AW3*ledd!$B$15+AX3*ledd!$B$16 -> 820 | AJ3: 600 | AK3: 200 | AL3: 0 | AM3: 0 | AN3: 0.7 | AO3: 0 | AP3: 0 | AQ3: 0 | AR3: 0 | AS3: 0 | AT3: 0 | AU3: 0 | AV3: 0 | AW3: 0 | AX3: 0 | AY3: 4 | AZ3: 1 | BA3: 2 | BB3: 2 | BC3: 0 | BD3: 0 | BE3: 0 | BF3: 0 | BG3: 0 | BH3: 1 | BI3: 0 | BJ3: 2 | BK3: 2 | BL3: 3 | BM3: 3 | BN3: 3 | BO3: 3 | BP3: 0 | BQ3: 0 | BR3: 1 | BS3: 2 | BT3: 0 | BU3: 3 | BV3: 1 | BW3: 2 | BX3: 0 | BY3: 2 | BZ3: 0 | CA3: 0 | CB3: 0 | CC3: 0 | CD3: 2 | CE3: 0 | CF3: 0 | CG3: 2 | CH3: 1 | CI3: 2 | CJ3: 0 | CK3: 0 | CL3: 2 | CM3: =(SUM(AZ3:BI3)*100/40) -> 15 | CN3: =SUM(BJ3:BO3)*100/24 -> 66.666667 | CO3: =SUM(BP3:BU3)*100/24 -> 25 | CP3: =SUM(BV3:BY3)*100/16 -> 31.25 | CQ3: =SUM(BZ3:CB3)*100/12 -> 0 | CR3: =SUM(CC3:CF3)*100/16 -> 12.5 | CS3: =SUM(CG3:CI3)*100/12 -> 41.666667 | CT3: =SUM(CJ3:CL3)*100/12 -> 16.666667 | CU3: =SUM(CM3:CT3)/8 -> 26.09375 | CV3: 0 | CW3: 0 | CX3: 0 | CY3: 0 | CZ3: 0 | DA3: 0 | DB3: 0 | DC3: 3 | DD3: 3 | DE3: 0 | DF3: 2 | DG3: 1 | DH3: 1 | DI3: 0 | DJ3: 0 | DK3: =SUM(CV3:DA3,DC3:DI3) -> 10 | DL3: 1 | DM3: 2 | DN3: 1 | DO3: 1 | DP3: 2 | DQ3: 2 | DR3: 3 | DS3: 1 | DT3: 2 | DU3: 3 | DV3: 1 | DW3: 2 | DX3: 2 | DY3: =SUM(DL3:DX3) -> 23 | DZ3: 2 | EA3: 3 | EB3: 2 | EC3: 2 | ED3: 3 | EE3: 2 | EF3: 2 | EG3: 2 | EH3: 3 | EI3: 2 | EJ3: 3 | EK3: 3 | EL3: 4 | EM3: 2 | EN3: 3 | EO3: 2 | EP3: 3 | EQ3: 0 | ER3: 3 | ES3: 1 | ET3: 3 | EU3: 3 | EV3: 3 | EW3: 1 | EX3: 3 | EY3: 1 | EZ3: 2 | FA3: 1 | FB3: 3 | FC3: 0 | FD3: 0 | FE3: 0 | FF3: 4 | FG3: =SUM(DZ3:FF3) -> 71 | FH3: 2 | FI3: 1 | FJ3: 1 | FK3: 2 | FL3: 1 | FM3: 1 | FN3: =SUM(FH3:FM3) -> 8 | FO3: =SUM(DK3,DY3,FG3,FN3) -> 112 | FP3: 11 | FQ3: 4 | FR3: 3 | FS3: 6 | FT3: 3 | FU3: 1 | FV3: 5 | FW3: 5 | FX3: =SUM(FQ3:FW3) -> 27 | FY3: 0 | FZ3: =IF($G3<=50,$FY3+0,IF(AND($G3<60,$G3>50),$FY3+1,IF(AND($G3<70,$G3>60),$FY3+2,IF(AND($G3<80,$G3>70),$FY3+3,IF(AND($G3<90,$G3>80),$FY3+4,IF($G3>=90,$FY3+5,"")))))) -> 2 | GA3: 1
A4: 3 | B4: 1 | C4: 1 | D4: 1 | E4: 16345 | F4: 44348 | G4: =DATEDIF(E4,F4,"M")/12 -> 76.666667 | H4: 69 | I4: =G4-H4 -> 7.6666667 | J4: 0 | K4: 1 | L4: 1 | M4: 0 | N4: 2 | O4: 0 | P4: 1 | Q4: 3 | R4: 1 | S4: 1 | T4: 1 | U4: 0 | V4: 1 | W4: 1 | X4: 2 | Y4: 2 | Z4: 0 | AA4: 2 | AB4: 0 | AC4: 0 | AD4: 0 | AE4: 1 | AF4: 1 | AG4: 0 | AH4: 1 | AI4: =AJ4*ledd!$B$2+AK4*ledd!$B$3+AL4*ledd!$B$4+AM4*ledd!$B$5+AN4*ledd!$B$6+AO4*ledd!$B$7+AP4*ledd!$B$8+AQ4*ledd!$B$9+AR4*ledd!$B$10+AS4*ledd!$B$11+AT4*ledd!$B$12+AU4*ledd!$B$13+AV4*ledd!$B$14+AW4*ledd!$B$15+AX4*ledd!$B$16 -> 320 | AJ4: 0 | AK4: 0 | AL4: 0 | AM4: 0 | AN4: 0 | AO4: 6 | AP4: 0 | AQ4: 0 | AR4: 0 | AS4: 1 | AT4: 100 | AU4: 0 | AV4: 0 | AW4: 0 | AX4: 0 | AY4: 4 | AZ4: 2 | BA4: 1 | BB4: 0 | BC4: 0 | BD4: 0 | BE4: 1 | BF4: 0 | BG4: 1 | BH4: 0 | BI4: 3 | BJ4: 0 | BK4: 0 | BL4: 4 | BM4: 4 | BN4: 0 | BO4: 0 | BP4: 0 | BQ4: 0 | BR4: 2 | BS4: 0 | BT4: 0 | BU4: 1 | BV4: 0 | BW4: 1 | BX4: 0 | BY4: 0 | BZ4: 0 | CA4: 0 | CB4: 0 | CC4: 0 | CD4: 0 | CE4: 0 | CF4: 0 | CG4: 2 | CH4: 0 | CI4: 0 | CJ4: 2 | CK4: 3 | CL4: 0 | CM4: =(SUM(AZ4:BI4)*100/40) -> 20 | CN4: =SUM(BJ4:BO4)*100/24 -> 33.333333 | CO4: =SUM(BP4:BU4)*100/24 -> 12.5 | CP4: =SUM(BV4:BY4)*100/16 -> 6.25 | CQ4: =SUM(BZ4:CB4)*100/12 -> 0 | CR4: =SUM(CC4:CF4)*100/16 -> 0 | CS4: =SUM(CG4:CI4)*100/12 -> 16.666667 | CT4: =SUM(CJ4:CL4)*100/12 -> 41.666667 | CU4: =SUM(CM4:CT4)/8 -> 16.302083 | CV4: 0 | CW4: 0 | CX4: 0 | CY4: 0 | CZ4: 0 | DA4: 0 | DB4: 0 | DC4: 0 | DD4: 0 | DE4: 2 | DF4: 0 | DG4: 2 | DH4: 0 | DI4: 0 | DJ4: 0 | DK4: =SUM(CV4:DA4,DC4:DI4) -> 4 | DL4: 1 | DM4: 1 | DN4: 0 | DO4: 0 | DP4: 2 | DQ4: 0 | DR4: 3 | DS4: 3 | DT4: 1 | DU4: 0 | DV4: 0 | DW4: 2 | DX4: 3 | DY4: =SUM(DL4:DX4) -> 16 | DZ4: 1 | EA4: 2 | EB4: 4 | EC4: 2 | ED4: 2 | EE4: 2 | EF4: 2 | EG4: 3 | EH4: 3 | EI4: 3 | EJ4: 3 | EK4: 3 | EL4: 4 | EM4: 3 | EN4: 3 | EO4: 3 | EP4: 3 | EQ4: 2 | ER4: 2 | ES4: 1 | ET4: 2 | EU4: 4 | EV4: 3 | EW4: 1 | EX4: 0 | EY4: 0 | EZ4: 0 | FA4: 0 | FB4: 0 | FC4: 0 | FD4: 0 | FE4: 0 | FF4: 0 | FG4: =SUM(DZ4:FF4) -> 61 | FH4: 0 | FI4: 0 | FJ4: 2 | FK4: 2 | FL4: 1 | FM4: 1 | FN4: =SUM(FH4:FM4) -> 6 | FO4: =SUM(DK4,DY4,FG4,FN4) -> 87 | FP4: 9 | FQ4: 5 | FR4: 3 | FS4: 6 | FT4: 1 | FU4: 2 | FV4: 1 | FW4: 5 | FX4: =SUM(FQ4:FW4) -> 23 | FY4: 6 | FZ4: =IF($G4<=50,$FY4+0,IF(AND($G4<60,$G4>50),$FY4+1,IF(AND($G4<70,$G4>60),$FY4+2,IF(AND($G4<80,$G4>70),$FY4+3,IF(AND($G4<90,$G4>80),$FY4+4,IF($G4>=90,$FY4+5,"")))))) -> 9 | GA4: 1
A5: 4 | B5: 1 | C5: 1 | D5: 1 | E5: 23004 | F5: 44353 | G5: =DATEDIF(E5,F5,"M")/12 -> 58.416667 | H5: 55 | I5: =G5-H5 -> 3.4166667 | J5: 0 | K5: 1 | L5: 8 | M5: 0 | N5: 6 | O5: 0 | P5: 4 | Q5: 4 | R5: 3 | S5: 0 | T5: 0 | U5: 0 | V5: 1 | W5: 1 | X5: 0 | Y5: 0 | AA5: 0 | AC5: 6 | AD5: 6 | AE5: 0 | AF5: 0 | AG5: 0 | AH5: 0 | AI5: =AJ5*ledd!$B$2+AK5*ledd!$B$3+AL5*ledd!$B$4+AM5*ledd!$B$5+AN5*ledd!$B$6+AO5*ledd!$B$7+AP5*ledd!$B$8+AQ5*ledd!$B$9+AR5*ledd!$B$10+AS5*ledd!$B$11+AT5*ledd!$B$12+AU5*ledd!$B$13+AV5*ledd!$B$14+AW5*ledd!$B$15+AX5*ledd!$B$16 -> 450 | AJ5: 300 | AK5: 0 | AL5: 0 | AM5: 0 | AN5: 0 | AO5: 0 | AP5: 0 | AQ5: 0 | AR5: 0 | AS5: 0 | AT5: 0 | AU5: 0 | AV5: 150 | AW5: 0 | AX5: 0 | AY5: 2 | AZ5: 3 | BA5: 0 | BB5: 0 | BC5: 4 | BD5: 3 | BE5: 0 | BF5: 3 | BG5: 0 | BH5: 0 | BI5: 3 | BJ5: 0 | BK5: 0 | BL5: 0 | BM5: 3 | BN5: 0 | BO5: 0 | BP5: 3 | BQ5: 2 | BR5: 2 | BS5: 1 | BT5: 0 | BU5: 3 | BV5: 3 | BW5: 0 | BX5: 2 | BY5: 2 | BZ5: 0 | CA5: 0 | CB5: 0 | CC5: 0 | CD5: 4 | CE5: 2 | CF5: 0 | CG5: 1 | CH5: 2 | CI5: 0 | CJ5: 3 | CK5: 2 | CL5: 0 | CM5: =(SUM(AZ5:BI5)*100/40) -> 40 | CN5: =SUM(BJ5:BO5)*100/24 -> 12.5 | CO5: =SUM(BP5:BU5)*100/24 -> 45.833333 | CP5: =SUM(BV5:BY5)*100/16 -> 43.75 | CQ5: =SUM(BZ5:CB5)*100/12 -> 0 | CR5: =SUM(CC5:CF5)*100/16 -> 37.5 | CS5: =SUM(CG5:CI5)*100/12 -> 25 | CT5: =SUM(CJ5:CL5)*100/12 -> 41.666667 | CU5: =SUM(CM5:CT5)/8 -> 30.78125 | CV5: 2 | CW5: 0 | CX5: 2 | CY5: 0 | CZ5: 1 | DA5: 0 | DB5: 0 | DC5: 3 | DD5: 2 | DE5: 1 | DF5: 0 | DG5: 0 | DH5: 0 | DI5: 3 | DJ5: 0 | DK5: =SUM(CV5:DA5,DC5:DI5) -> 14 | DL5: 0 | DM5: 0 | DN5: 0 | DO5: 0 | DP5: 0 | DQ5: 0 | DR5: 1 | DS5: 2 | DT5: 1 | DU5: 0 | DV5: 1 | DW5: 0 | DX5: 0 | DY5: =SUM(DL5:DX5) -> 5 | DZ5: 0 | EA5: 0 | EB5: 0 | EC5: 0 | ED5: 2 | EE5: 0 | EF5: 2 | EG5: 0 | EH5: 0 | EI5: 0 | EJ5: 0 | EK5: 1 | EL5: 1 | EM5: 0 | EN5: 0 | EO5: 0 | EP5: 0 | EQ5: 1 | ER5: 1 | ES5: 1 | ET5: 0 | EU5: 0 | EV5: 0 | EW5: 0 | EX5: 1 | EY5: 0 | EZ5: 0 | FA5: 0 | FB5: 1 | FC5: 0 | FD5: 0 | FE5: 0 | FF5: 0 | FG5: =SUM(DZ5:FF5) -> 11 | FH5: 0 | FI5: 0 | FJ5: 0 | FK5: 0 | FL5: 0 | FM5: 0 | FN5: =SUM(FH5:FM5) -> 0 | FO5: =SUM(DK5,DY5,FG5,FN5) -> 30 | FP5: 13 | FQ5: 5 | FR5: 3 | FS5: 6 | FT5: 2 | FU5: 2 | FV5: 3 | FW5: 6 | FX5: =SUM(FQ5:FW5) -> 27 | FY5: 0 | FZ5: =IF($G5<=50,$FY5+0,IF(AND($G5<60,$G5>50),$FY5+1,IF(AND($G5<70,$G5>60),$FY5+2,IF(AND($G5<80,$G5>70),$FY5+3,IF(AND($G5<90,$G5>80),$FY5+4,IF($G5>=90,$FY5+5,"")))))) -> 1 | GA5: 1
A6: 5 | B6: 1 | C6: 1 | D6: 0 | E6: 20657 | F6: 44355 | G6: =DATEDIF(E6,F6,"M")/12 -> 64.833333 | H6: 50 | I6: =G6-H6 -> 14.833333 | J6: 0 | K6: 1 | L6: 8 | M6: 0 | N6: 2 | O6: 0 | P6: 2 | Q6: 4 | R6: 3 | S6: 1 | T6: 1 | U6: 0 | V6: 1 | W6: 1 | X6: 2 | Y6: 2 | Z6: 0 | AA6: 0 | AC6: 0 | AD6: 0 | AE6: 1 | AF6: 0 | AG6: 0 | AH6: 1 | AI6: =AJ6*ledd!$B$2+AK6*ledd!$B$3+AL6*ledd!$B$4+AM6*ledd!$B$5+AN6*ledd!$B$6+AO6*ledd!$B$7+AP6*ledd!$B$8+AQ6*ledd!$B$9+AR6*ledd!$B$10+AS6*ledd!$B$11+AT6*ledd!$B$12+AU6*ledd!$B$13+AV6*ledd!$B$14+AW6*ledd!$B$15+AX6*ledd!$B$16 -> 726.5 | AJ6: 250 | AK6: 0 | AL6: 0 | AM6: 0 | AN6: 0 | AO6: 8 | AP6: 0 | AQ6: 0 | AR6: 0 | AS6: 1 | AT6: 200 | AU6: 0 | AV6: 0 | AW6: 0 | AX6: 50 | AY6: 1 | AZ6: 2 | BA6: 0 | BB6: 0 | BC6: 0 | BD6: 0 | BE6: 0 | BF6: 0 | BG6: 0 | BH6: 0 | BI6: 0 | BJ6: 0 | BK6: 0 | BL6: 0 | BM6: 4 | BN6: 0 | BO6: 0 | BP6: 0 | BQ6: 0 | BR6: 0 | BS6: 0 | BT6: 0 | BU6: 0 | BV6: 0 | BW6: 0 | BX6: 0 | BY6: 0 | BZ6: 0 | CA6: 0 | CB6: 0 | CC6: 0 | CD6: 0 | CE6: 0 | CF6: 0 | CG6: 0 | CH6: 0 | CI6: 0 | CJ6: 0 | CK6: 0 | CL6: 0 | CM6: =(SUM(AZ6:BI6)*100/40) -> 5 | CN6: =SUM(BJ6:BO6)*100/24 -> 16.666667 | CO6: =SUM(BP6:BU6)*100/24 -> 0 | CP6: =SUM(BV6:BY6)*100/16 -> 0 | CQ6: =SUM(BZ6:CB6)*100/12 -> 0 | CR6: =SUM(CC6:CF6)*100/16 -> 0 | CS6: =SUM(CG6:CI6)*100/12 -> 0 | CT6: =SUM(CJ6:CL6)*100/12 -> 0 | CU6: =SUM(CM6:CT6)/8 -> 2.7083333 | CV6: 0 | CW6: 1 | CX6: 0 | CY6: 1 | CZ6: 0 | DA6: 0 | DB6: 0 | DC6: 0 | DD6: 0 | DE6: 0 | DF6: 0 | DG6: 3 | DH6: 0 | DI6: 0 | DJ6: 0 | DK6: =SUM(CV6:DA6,DC6:DI6) -> 5 | DL6: 1 | DM6: 0 | DN6: 1 | DO6: 0 | DP6: 0 | DQ6: 0 | DR6: 3 | DS6: 0 | DT6: 0 | DU6: 0 | DV6: 1 | DW6: 0 | DX6: 1 | DY6: =SUM(DL6:DX6) -> 7 | DZ6: 2 | EA6: 1 | EB6: 0 | EC6: 1 | ED6: 1 | EE6: 0 | EF6: 0 | EG6: 0 | EH6: 0 | EI6: 0 | EJ6: 0 | EK6: 1 | EL6: 0 | EM6: 0 | EN6: 0 | EO6: 0 | EP6: 0 | EQ6: 1 | ER6: 1 | ES6: 0 | ET6: 1 | EU6: 1 | EV6: 0 | EW6: 0 | EX6: 0 | EY6: 0 | EZ6: 0 | FA6: 0 | FB6: 0 | FC6: 0 | FD6: 0 | FE6: 0 | FF6: 0 | FG6: =SUM(DZ6:FF6) -> 10 | FH6: 0 | FI6: 1 | FJ6: 0 | FK6: 0 | FL6: 0 | FM6: 0 | FN6: =SUM(FH6:FM6) -> 1 | FO6: =SUM(DK6,DY6,FG6,FN6) -> 23 | FP6: 10 | FQ6: 3 | FR6: 3 | FS6: 6 | FT6: 3 | FU6: 2 | FV6: 5 | FW6: 6 | FX6: =SUM(FQ6:FW6) -> 28 | FY6: 0 | FZ6: =IF($G6<=50,$FY6+0,IF(AND($G6<60,$G6>50),$FY6+1,IF(AND($G6<70,$G6>60),$FY6+2,IF(AND($G6<80,$G6>70),$FY6+3,IF(AND($G6<90,$G6>80),$FY6+4,IF($G6>=90,$FY6+5,"")))))) -> 2 | GA6: 1
A7: 6 | B7: 1 | C7: 1 | D7: 0 | E7: 19424 | F7: 44355 | G7: =DATEDIF(E7,F7,"M")/12 -> 68.25 | H7: 52 | I7: =G7-H7 -> 16.25 | J7: 11 | K7: 3 | L7: 0 | M7: 0 | N7: 2 | O7: 2 | P7: 4 | Q7: 2 | R7: 1 | S7: 0 | T7: 0 | U7: 0 | V7: 1 | W7: 1 | X7: 0 | Y7: 0 | AA7: 1 | AB7: 3 | AC7: 0 | AD7: 0 | AE7: 0 | AF7: 0 | AG7: 0 | AH7: 0 | AI7: =AJ7*ledd!$B$2+AK7*ledd!$B$3+AL7*ledd!$B$4+AM7*ledd!$B$5+AN7*ledd!$B$6+AO7*ledd!$B$7+AP7*ledd!$B$8+AQ7*ledd!$B$9+AR7*ledd!$B$10+AS7*ledd!$B$11+AT7*ledd!$B$12+AU7*ledd!$B$13+AV7*ledd!$B$14+AW7*ledd!$B$15+AX7*ledd!$B$16 -> 716.5 | AJ7: 650 | AK7: 0 | AL7: 0 | AM7: 0 | AN7: 0 | AO7: 0 | AP7: 0 | AQ7: 0 | AR7: 0 | AS7: 0 | AT7: 0 | AU7: 0 | AV7: 0 | AW7: 50 | AX7: 50 | AY7: 3 | AZ7: 2 | BA7: 0 | BB7: 4 | BC7: 0 | BD7: 0 | BE7: 1 | BF7: 0 | BG7: 4 | BH7: 4 | BI7: 3 | BJ7: 0 | BK7: 0 | BL7: 0 | BM7: 3 | BN7: 0 | BO7: 0 | BP7: 0 | BQ7: 0 | BR7: 0 | BS7: 0 | BT7: 0 | BU7: 3 | BV7: 0 | BW7: 0 | BX7: 3 | BY7: 3 | BZ7: 3 | CA7: 2 | CB7: 0 | CC7: 3 | CD7: 3 | CE7: 3 | CF7: 0 | CG7: 1 | CH7: 0 | CI7: 0 | CJ7: 3 | CK7: 0 | CL7: 2 | CM7: =(SUM(AZ7:BI7)*100/40) -> 45 | CN7: =SUM(BJ7:BO7)*100/24 -> 12.5 | CO7: =SUM(BP7:BU7)*100/24 -> 12.5 | CP7: =SUM(BV7:BY7)*100/16 -> 37.5 | CQ7: =SUM(BZ7:CB7)*100/12 -> 41.666667 | CR7: =SUM(CC7:CF7)*100/16 -> 56.25 | CS7: =SUM(CG7:CI7)*100/12 -> 8.3333333 | CT7: =SUM(CJ7:CL7)*100/12 -> 41.666667 | CU7: =SUM(CM7:CT7)/8 -> 31.927083 | CV7: 2 | CW7: 0 | CX7: 0 | CY7: 2 | CZ7: 4 | DA7: 0 | DB7: 0 | DC7: 4 | DD7: 4 | DE7: 4 | DF7: 1 | DG7: 3 | DH7: 1 | DI7: 4 | DJ7: 0 | DK7: =SUM(CV7:DA7,DC7:DI7) -> 29 | DL7: 2 | DM7: 0 | DN7: 1 | DO7: 0 | DP7: 0 | DQ7: 0 | DR7: 2 | DS7: 4 | DT7: 1 | DU7: 1 | DV7: 0 | DW7: 2 | DX7: 4 | DY7: =SUM(DL7:DX7) -> 17 | DZ7: 1 | EA7: 2 | EB7: 3 | EC7: 2 | ED7: 2 | EE7: 2 | EF7: 4 | EG7: 1 | EH7: 2 | EI7: 1 | EJ7: 1 | EK7: 3 | EL7: 3 | EM7: 2 | EN7: 4 | EO7: 2 | EP7: 4 | EQ7: 2 | ER7: 2 | ES7: 2 | ET7: 2 | EU7: 2 | EV7: 2 | EW7: 1 | EX7: 1 | EY7: 1 | EZ7: 1 | FA7: 0 | FB7: 0 | FC7: 0 | FD7: 0 | FE7: 0 | FF7: 0 | FG7: =SUM(DZ7:FF7) -> 55 | FH7: 2 | FI7: 3 | FJ7: 3 | FK7: 4 | FL7: 1 | FM7: 1 | FN7: =SUM(FH7:FM7) -> 14 | FO7: =SUM(DK7,DY7,FG7,FN7) -> 115 | FP7: 7 | FQ7: 1 | FR7: 3 | FS7: 3 | FT7: 3 | FU7: 2 | FV7: 3 | FW7: 6 | FX7: =SUM(FQ7:FW7) -> 21 | FY7: 3 | FZ7: =IF($G7<=50,$FY7+0,IF(AND($G7<60,$G7>50),$FY7+1,IF(AND($G7<70,$G7>60),$FY7+2,IF(AND($G7<80,$G7>70),$FY7+3,IF(AND($G7<90,$G7>80),$FY7+4,IF($G7>=90,$FY7+5,"")))))) -> 5 | GA7: 1
A8: 7 | B8: 1 | C8: 1 | D8: 1 | E8: 29402 | F8: 44356 | G8: =DATEDIF(E8,F8,"M")/12 -> 40.916667 | H8: 34 | I8: =G8-H8 -> 6.9166667 | J8: 0 | K8: 1 | L8: 0 | M8: 0 | N8: 2 | O8: 0 | P8: 1 | Q8: 4 | R8: 3 | S8: 1 | T8: 1 | U8: 1 | V8: 1 | W8: 1 | X8: 2 | Y8: 2 | Z8: 0 | AA8: 1 | AB8: 0 | AC8: 0 | AD8: 0 | AE8: 0 | AF8: 0 | AG8: 0 | AH8: 0 | AI8: =AJ8*ledd!$B$2+AK8*ledd!$B$3+AL8*ledd!$B$4+AM8*ledd!$B$5+AN8*ledd!$B$6+AO8*ledd!$B$7+AP8*ledd!$B$8+AQ8*ledd!$B$9+AR8*ledd!$B$10+AS8*ledd!$B$11+AT8*ledd!$B$12+AU8*ledd!$B$13+AV8*ledd!$B$14+AW8*ledd!$B$15+AX8*ledd!$B$16 -> 751.5 | AJ8: 400 | AK8: 100 | AL8: 0 | AM8: 0 | AN8: 0 | AO8: 8 | AP8: 0 | AQ8: 0 | AR8: 0 | AS8: 0 | AT8: 0 | AU8: 0 | AV8: 0 | AW8: 100 | AX8: 50 | AY8: 1 | AZ8: 3 | BA8: 2 | BB8: 0 | BC8: 0 | BD8: 0 | BE8: 3 | BF8: 1 | BG8: 0 | BH8: 0 | BI8: 3 | BJ8: 2 | BK8: 1 | BL8: 1 | BM8: 3 | BN8: 1 | BO8: 1 | BP8: 0 | BQ8: 0 | BR8: 0 | BS8: 0 | BT8: 0 | BU8: 1 | BV8: 1 | BW8: 0 | BX8: 0 | BY8: 1 | BZ8: 0 | CA8: 0 | CB8: 0 | CC8: 1 | CD8: 2 | CE8: 0 | CF8: 0 | CG8: 1 | CH8: 1 | CI8: 0 | CJ8: 3 | CK8: 3 | CL8: 3 | CM8: =(SUM(AZ8:BI8)*100/40) -> 30 | CN8: =SUM(BJ8:BO8)*100/24 -> 37.5 | CO8: =SUM(BP8:BU8)*100/24 -> 4.1666667 | CP8: =SUM(BV8:BY8)*100/16 -> 12.5 | CQ8: =SUM(BZ8:CB8)*100/12 -> 0 | CR8: =SUM(CC8:CF8)*100/16 -> 18.75 | CS8: =SUM(CG8:CI8)*100/12 -> 16.666667 | CT8: =SUM(CJ8:CL8)*100/12 -> 75 | CU8: =SUM(CM8:CT8)/8 -> 24.322917 | CV8: 0 | CW8: 0 | CX8: 0 | CY8: 0 | CZ8: 0 | DA8: 3 | DB8: 0 | DC8: 3 | DD8: 0 | DE8: 4 | DF8: 0 | DG8: 0 | DH8: 0 | DI8: 3 | DJ8: 0 | DK8: =SUM(CV8:DA8,DC8:DI8) -> 13 | DL8: 0 | DM8: 0 | DN8: 0 | DO8: 1 | DP8: 3 | DQ8: 0 | DR8: 2 | DS8: 3 | DT8: 1 | DU8: 0 | DV8: 1 | DW8: 0 | DX8: 0 | DY8: =SUM(DL8:DX8) -> 11 | DZ8: 0 | EA8: 1 | EB8: 1 | EC8: 1 | ED8: 1 | EE8: 0 | EF8: 0 | EG8: 0 | EH8: 0 | EI8: 1 | EJ8: 2 | EK8: 2 | EL8: 3 | EM8: 0 | EN8: 0 | EO8: 0 | EP8: 0 | EQ8: 0 | ER8: 0 | ES8: 0 | ET8: 0 | EU8: 0 | EV8: 1 | EW8: 0 | EX8: 0 | EY8: 0 | EZ8: 0 | FA8: 0 | FB8: 0 | FC8: 0 | FD8: 0 | FE8: 0 | FF8: 0 | FG8: =SUM(DZ8:FF8) -> 13 | FH8: 2 | FI8: 4 | FJ8: 1 | FK8: 3 | FL8: 1 | FM8: 1 | FN8: =SUM(FH8:FM8) -> 12 | FO8: =SUM(DK8,DY8,FG8,FN8) -> 49 | FP8: 11 | FQ8: 5 | FR8: 3 | FS8: 6 | FT8: 3 | FU8: 2 | FV8: 3 | FW8: 6 | FX8: =SUM(FQ8:FW8) -> 28 | FY8: 0 | FZ8: =IF($G8<=50,$FY8+0,IF(AND($G8<60,$G8>50),$FY8+1,IF(AND($G8<70,$G8>60),$FY8+2,IF(AND($G8<80,$G8>70),$FY8+3,IF(AND($G8<90,$G8>80),$FY8+4,IF($G8>=90,$FY8+5,"")))))) -> 0 | GA8: 1
A9: 8 | B9: 1 | C9: 1 | D9: 1 | E9: 17670 | F9: 44361 | G9: =DATEDIF(E9,F9,"M")/12 -> 73 | H9: 56 | I9: =G9-H9 -> 17 | J9: 0 | K9: 0 | L9: 1 | M9: 0 | N9: 2 | O9: 0 | P9: 4 | Q9: 3 | R9: 2 | S9: 1 | T9: 1 | U9: 0 | V9: 1 | W9: 1 | X9: 0 | Y9: 0 | AA9: 0 | AC9: 0 | AD9: 0 | AE9: 0 | AF9: 0 | AG9: 0 | AH9: 2 | AI9: =AJ9*ledd!$B$2+AK9*ledd!$B$3+AL9*ledd!$B$4+AM9*ledd!$B$5+AN9*ledd!$B$6+AO9*ledd!$B$7+AP9*ledd!$B$8+AQ9*ledd!$B$9+AR9*ledd!$B$10+AS9*ledd!$B$11+AT9*ledd!$B$12+AU9*ledd!$B$13+AV9*ledd!$B$14+AW9*ledd!$B$15+AX9*ledd!$B$16 -> 920 | AJ9: 400 | AK9: 0 | AL9: 0 | AM9: 0 | AN9: 0 | AO9: 0 | AP9: 14 | AQ9: 0 | AR9: 0 | AS9: 1 | AT9: 0 | AU9: 0 | AV9: 0 | AW9: 0 | AX9: 0 | AY9: 5 | AZ9: 0 | BA9: 0 | BB9: 0 | BC9: 0 | BD9: 0 | BE9: 0 | BF9: 0 | BG9: 0 | BH9: 0 | BI9: 1 | BJ9: 0 | BK9: 1 | BL9: 2 | BM9: 1 | BN9: 0 | BO9: 0 | BP9: 0 | BQ9: 0 | BR9: 0 | BS9: 0 | BT9: 0 | BU9: 0 | BV9: 0 | BW9: 0 | BX9: 0 | BY9: 0 | BZ9: 0 | CA9: 0 | CB9: 0 | CC9: 0 | CD9: 0 | CE9: 0 | CF9: 0 | CG9: 1 | CH9: 0 | CI9: 0 | CJ9: 0 | CK9: 0 | CL9: 0 | CM9: =(SUM(AZ9:BI9)*100/40) -> 2.5 | CN9: =SUM(BJ9:BO9)*100/24 -> 16.666667 | CO9: =SUM(BP9:BU9)*100/24 -> 0 | CP9: =SUM(BV9:BY9)*100/16 -> 0 | CQ9: =SUM(BZ9:CB9)*100/12 -> 0 | CR9: =SUM(CC9:CF9)*100/16 -> 0 | CS9: =SUM(CG9:CI9)*100/12 -> 8.3333333 | CT9: =SUM(CJ9:CL9)*100/12 -> 0 | CU9: =SUM(CM9:CT9)/8 -> 3.4375 | CV9: 0 | CW9: 0 | CX9: 0 | CY9: 0 | CZ9: 0 | DA9: 0 | DB9: 0 | DC9: 0 | DD9: 1 | DE9: 0 | DF9: 0 | DG9: 0 | DH9: 0 | DI9: 0 | DJ9: 0 | DK9: =SUM(CV9:DA9,DC9:DI9) -> 1 | DL9: 1 | DM9: 1 | DN9: 0 | DO9: 0 | DP9: 2 | DQ9: 0 | DR9: 1 | DS9: 0 | DT9: 2 | DU9: 0 | DV9: 0 | DW9: 0 | DX9: 2 | DY9: =SUM(DL9:DX9) -> 9 | DZ9: 1 | EA9: 1 | EB9: 0 | EC9: 0 | ED9: 0 | EE9: 0 | EF9: 0 | EG9: 0 | EH9: 0 | EI9: 0 | EJ9: 0 | EK9: 0 | EL9: 0 | EM9: 0 | EN9: 0 | EO9: 0 | EP9: 0 | EQ9: 0 | ER9: 0 | ES9: 0 | ET9: 0 | EU9: 1 | EV9: 0 | EW9: 0 | EX9: 0 | EY9: 0 | EZ9: 0 | FA9: 0 | FB9: 0 | FC9: 0 | FD9: 0 | FE9: 0 | FF9: 0 | FG9: =SUM(DZ9:FF9) -> 3 | FH9: 0 | FI9: 0 | FJ9: 0 | FK9: 0 | FL9: 0 | FM9: 0 | FN9: =SUM(FH9:FM9) -> 0 | FO9: =SUM(DK9,DY9,FG9,FN9) -> 13 | FP9: 3 | FQ9: 3 | FR9: 3 | FS9: 4 | FT9: 3 | FU9: 1 | FV9: 3 | FW9: 6 | FX9: =SUM(FQ9:FW9) -> 23 | FY9: 2 | FZ9: =IF($G9<=50,$FY9+0,IF(AND($G9<60,$G9>50),$FY9+1,IF(AND($G9<70,$G9>60),$FY9+2,IF(AND($G9<80,$G9>70),$FY9+3,IF(AND($G9<90,$G9>80),$FY9+4,IF($G9>=90,$FY9+5,"")))))) -> 5 | GA9: 0
A10: 9 | B10: 1 | C10: 1 | D10: 1 | E10: 19453 | F10: 44357 | G10: =DATEDIF(E10,F10,"M")/12 -> 68.166667 | H10: 62 | I10: =G10-H10 -> 6.1666667 | J10: 0 | K10: 1 | L10: 0 | M10: 0 | N10: 2 | O10: 1 | P10: 1 | Q10: 1 | R10: 1 | S10: 0 | T10: 0 | U10: 0 | V10: 0 | W10: 1 | X10: 1 | Y10: 1 | Z10: 0 | AA10: 1 | AB10: 0 | AC10: 0 | AD10: 6 | AE10: 0 | AF10: 0 | AG10: 0 | AH10: 0 | AI10: =AJ10*ledd!$B$2+AK10*ledd!$B$3+AL10*ledd!$B$4+AM10*ledd!$B$5+AN10*ledd!$B$6+AO10*ledd!$B$7+AP10*ledd!$B$8+AQ10*ledd!$B$9+AR10*ledd!$B$10+AS10*ledd!$B$11+AT10*ledd!$B$12+AU10*ledd!$B$13+AV10*ledd!$B$14+AW10*ledd!$B$15+AX10*ledd!$B$16 -> 452 | AJ10: 400 | AK10: 0 | AL10: 0 | AM10: 0 | AN10: 0.52 | AO10: 0 | AP10: 0 | AQ10: 0 | AR10: 0 | AS10: 0 | AT10: 0 | AU10: 0 | AV10: 0 | AW10: 0 | AX10: 0 | AY10: 3 | AZ10: 2 | BA10: 2 | BB10: 2 | BC10: 2 | BD10: 1 | BE10: 2 | BF10: 1 | BG10: 1 | BH10: 2 | BI10: 2 | BJ10: 0 | BK10: 0 | BL10: 0 | BM10: 2 | BN10: 0 | BO10: 1 | BP10: 1 | BQ10: 1 | BR10: 1 | BS10: 0 | BT10: 2 | BU10: 2 | BV10: 0 | BW10: 1 | BX10: 1 | BY10: 1 | BZ10: 1 | CA10: 1 | CB10: 1 | CC10: 1 | CD10: 1 | CE10: 2 | CF10: 2 | CG10: 1 | CH10: 2 | CI10: 1 | CJ10: 2 | CK10: 2 | CL10: 2 | CM10: =(SUM(AZ10:BI10)*100/40) -> 42.5 | CN10: =SUM(BJ10:BO10)*100/24 -> 12.5 | CO10: =SUM(BP10:BU10)*100/24 -> 29.166667 | CP10: =SUM(BV10:BY10)*100/16 -> 18.75 | CQ10: =SUM(BZ10:CB10)*100/12 -> 25 | CR10: =SUM(CC10:CF10)*100/16 -> 37.5 | CS10: =SUM(CG10:CI10)*100/12 -> 33.333333 | CT10: =SUM(CJ10:CL10)*100/12 -> 50 | CU10: =SUM(CM10:CT10)/8 -> 31.09375 | CV10: 0 | CW10: 0 | CX10: 1 | CY10: 0 | CZ10: 0 | DA10: 0 | DB10: 0 | DC10: 0 | DD10: 0 | DE10: 0 | DF10: 0 | DG10: 0 | DH10: 0 | DI10: 0 | DJ10: 0 | DK10: =SUM(CV10:DA10,DC10:DI10) -> 1 | DL10: 1 | DM10: 0 | DN10: 0 | DO10: 0 | DP10: 0 | DQ10: 1 | DR10: 2 | DS10: 1 | DT10: 0 | DU10: 1 | DV10: 0 | DW10: 1 | DX10: 1 | DY10: =SUM(DL10:DX10) -> 8 | DZ10: 2 | EA10: 3 | EB10: 3 | EC10: 2 | ED10: 2 | EE10: 3 | EF10: 2 | EG10: 1 | EH10: 2 | EI10: 1 | EJ10: 1 | EK10: 1 | EL10: 1 | EM10: 1 | EN10: 2 | EO10: 0 | EP10: 0 | EQ10: 0 | ER10: 0 | ES10: 0 | ET10: 0 | EU10: 0 | EV10: 2 | EW10: 0 | EX10: 0 | EY10: 0 | EZ10: 0 | FA10: 0 | FB10: 0 | FC10: 2 | FD10: 0 | FE10: 0 | FF10: 1 | FG10: =SUM(DZ10:FF10) -> 32 | FH10: 1 | FI10: 1 | FJ10: 0 | FK10: 0 | FL10: 0 | FM10: 0 | FN10: =SUM(FH10:FM10) -> 2 | FO10: =SUM(DK10,DY10,FG10,FN10) -> 43 | FP10: 5 | FQ10: 3 | FR10: 3 | FS10: 5 | FT10: 1 | FU10: 1 | FV10: 0 | FW10: 6 | FX10: =SUM(FQ10:FW10) -> 19 | FY10: 0 | FZ10: =IF($G10<=50,$FY10+0,IF(AND($G10<60,$G10>50),$FY10+1,IF(AND($G10<70,$G10>60),$FY10+2,IF(AND($G10<80,$G10>70),$FY10+3,IF(AND($G10<90,$G10>80),$FY10+4,IF($G10>=90,$FY10+5,"")))))) -> 2 | GA10: 1
A11: 10 | B11: 1 | C11: 1 | D11: 1 | E11: 18226 | F11: 44363 | G11: =DATEDIF(E11,F11,"M")/12 -> 71.5 | H11: 65 | I11: =G11-H11 -> 6.5 | J11: 0 | K11: 1 | L11: 0 | M11: 0 | N11: 2 | O11: 0 | P11: 3 | Q11: 2 | R11: 2 | S11: 1 | T11: 0 | U11: 0 | V11: 1 | W11: 1 | X11: 3 | Y11: 3 | Z11: 0 | AA11: 2 | AB11: 0 | AC11: 0 | AD11: 5 | AE11: 1 | AF11: 0 | AG11: 0 | AH11: 1 | AI11: =AJ11*ledd!$B$2+AK11*ledd!$B$3+AL11*ledd!$B$4+AM11*ledd!$B$5+AN11*ledd!$B$6+AO11*ledd!$B$7+AP11*ledd!$B$8+AQ11*ledd!$B$9+AR11*ledd!$B$10+AS11*ledd!$B$11+AT11*ledd!$B$12+AU11*ledd!$B$13+AV11*ledd!$B$14+AW11*ledd!$B$15+AX11*ledd!$B$16 -> 550 | AJ11: 400 | AK11: 0 | AL11: 0 | AM11: 0 | AN11: 0 | AO11: 0 | AP11: 0 | AQ11: 0 | AR11: 0 | AS11: 0 | AT11: 0 | AU11: 0 | AV11: 150 | AW11: 0 | AX11: 0 | AY11: 3 | AZ11: 0 | BA11: 0 | BB11: 0 | BC11: 0 | BD11: 0 | BE11: 2 | BF11: 1 | BG11: 0 | BH11: 0 | BI11: 2 | BJ11: 0 | BK11: 0 | BL11: 0 | BM11: 3 | BN11: 0 | BO11: 2 | BP11: 0 | BQ11: 0 | BR11: 0 | BS11: 0 | BT11: 0 | BU11: 0 | BV11: 1 | BW11: 0 | BX11: 0 | BY11: 0 | BZ11: 0 | CA11: 0 | CB11: 0 | CC11: 1 | CD11: 2 | CE11: 2 | CF11: 0 | CG11: 0 | CH11: 0 | CI11: 0 | CJ11: 1 | CK11: 0 | CL11: 0 | CM11: =(SUM(AZ11:BI11)*100/40) -> 12.5 | CN11: =SUM(BJ11:BO11)*100/24 -> 20.833333 | CO11: =SUM(BP11:BU11)*100/24 -> 0 | CP11: =SUM(BV11:BY11)*100/16 -> 6.25 | CQ11: =SUM(BZ11:CB11)*100/12 -> 0 | CR11: =SUM(CC11:CF11)*100/16 -> 31.25 | CS11: =SUM(CG11:CI11)*100/12 -> 0 | CT11: =SUM(CJ11:CL11)*100/12 -> 8.3333333 | CU11: =SUM(CM11:CT11)/8 -> 9.8958333 | CV11: 0 | CW11: 0 | CX11: 0 | CY11: 0 | CZ11: 0 | DA11: 0 | DB11: 0 | DC11: 2 | DD11: 0 | DE11: 0 | DF11: 0 | DG11: 0 | DH11: 0 | DI11: 0 | DJ11: 0 | DK11: =SUM(CV11:DA11,DC11:DI11) -> 2 | DL11: 0 | DM11: 1 | DN11: 0 | DO11: 0 | DP11: 0 | DQ11: 0 | DR11: 2 | DS11: 0 | DT11: 0 | DU11: 2 | DV11: 0 | DW11: 0 | DX11: 1 | DY11: =SUM(DL11:DX11) -> 6 | DZ11: 0 | EA11: 0 | EB11: 0 | EC11: 0 | ED11: 0 | EE11: 0 | EF11: 0 | EG11: 0 | EH11: 0 | EI11: 0 | EJ11: 0 | EK11: 0 | EL11: 0 | EM11: 0 | EN11: 0 | EO11: 0 | EP11: 0 | EQ11: 0 | ER11: 0 | ES11: 1 | ET11: 0 | EU11: 0 | EV11: 0 | EW11: 0 | EX11: 2 | EY11: 0 | EZ11: 2 | FA11: 0 | FB11: 2 | FC11: 0 | FD11: 0 | FE11: 0 | FF11: 3 | FG11: =SUM(DZ11:FF11) -> 10 | FH11: 0 | FI11: 0 | FJ11: 0 | FK11: 0 | FL11: 0 | FM11: 0 | FN11: =SUM(FH11:FM11) -> 0 | FO11: =SUM(DK11,DY11,FG11,FN11) -> 18 | FP11: 4 | FQ11: 5 | FR11: 3 | FS11: 6 | FT11: 3 | FU11: 2 | FV11: 2 | FW11: 6 | FX11: =SUM(FQ11:FW11) -> 27 | FY11: 0 | FZ11: =IF($G11<=50,$FY11+0,IF(AND($G11<60,$G11>50),$FY11+1,IF(AND($G11<70,$G11>60),$FY11+2,IF(AND($G11<80,$G11>70),$FY11+3,IF(AND($G11<90,$G11>80),$FY11+4,IF($G11>=90,$FY11+5,"")))))) -> 3 | GA11: 0
A12: 11 | B12: 1 | C12: 1 | D12: 1 | E12: 20170 | F12: 44368 | G12: =DATEDIF(E12,F12,"M")/12 -> 66.166667 | H12: 42 | I12: =G12-H12 -> 24.166667 | J12: 0 | K12: 1 | L12: 0 | M12: 0 | N12: 2 | O12: 2 | P12: 1 | Q12: 3 | R12: 2 | S12: 1 | T12: 1 | U12: 0 | V12: 1 | W12: 1 | X12: 2 | Y12: 1 | Z12: 0 | AA12: 0 | AC12: 0 | AD12: 3 | AE12: 0 | AF12: 0 | AG12: 0 | AH12: 0 | AI12: =AJ12*ledd!$B$2+AK12*ledd!$B$3+AL12*ledd!$B$4+AM12*ledd!$B$5+AN12*ledd!$B$6+AO12*ledd!$B$7+AP12*ledd!$B$8+AQ12*ledd!$B$9+AR12*ledd!$B$10+AS12*ledd!$B$11+AT12*ledd!$B$12+AU12*ledd!$B$13+AV12*ledd!$B$14+AW12*ledd!$B$15+AX12*ledd!$B$16 -> 819 | AJ12: 75 | AK12: 200 | AL12: 800 | AM12: 0 | AN12: 0 | AO12: 0 | AP12: 6 | AQ12: 0 | AR12: 0 | AS12: 0 | AT12: 50 | AU12: 0 | AV12: 0 | AW12: 100 | AX12: 0 | AY12: 5 | AZ12: 3 | BA12: 0 | BB12: 2 | BC12: 4 | BD12: 0 | BE12: 3 | BF12: 0 | BG12: 3 | BH12: 0 | BI12: 3 | BJ12: 0 | BK12: 3 | BL12: 2 | BM12: 4 | BN12: 1 | BO12: 0 | BP12: 1 | BQ12: 0 | BR12: 1 | BS12: 1 | BT12: 0 | BU12: 0 | BV12: 0 | BW12: 3 | BX12: 0 | BY12: 0 | BZ12: 0 | CA12: 0 | CB12: 0 | CC12: 0 | CD12: 3 | CE12: 2 | CF12: 4 | CG12: 3 | CH12: 2 | CI12: 0 | CJ12: 2 | CK12: 0 | CL12: 0 | CM12: =(SUM(AZ12:BI12)*100/40) -> 45 | CN12: =SUM(BJ12:BO12)*100/24 -> 41.666667 | CO12: =SUM(BP12:BU12)*100/24 -> 12.5 | CP12: =SUM(BV12:BY12)*100/16 -> 18.75 | CQ12: =SUM(BZ12:CB12)*100/12 -> 0 | CR12: =SUM(CC12:CF12)*100/16 -> 56.25 | CS12: =SUM(CG12:CI12)*100/12 -> 41.666667 | CT12: =SUM(CJ12:CL12)*100/12 -> 16.666667 | CU12: =SUM(CM12:CT12)/8 -> 29.0625 | CV12: 2 | CW12: 2 | CX12: 0 | CY12: 0 | CZ12: 0 | DA12: 0 | DB12: 0 | DC12: 2 | DD12: 0 | DE12: 0 | DF12: 0 | DG12: 3 | DH12: 1 | DI12: 0 | DJ12: 0 | DK12: =SUM(CV12:DA12,DC12:DI12) -> 10 | DL12: 2 | DM12: 3 | DN12: 1 | DO12: 1 | DP12: 2 | DQ12: 0 | DR12: 4 | DS12: 3 | DT12: 1 | DU12: 0 | DV12: 0 | DW12: 2 | DX12: 1 | DY12: =SUM(DL12:DX12) -> 20 | DZ12: 2 | EA12: 1 | EB12: 0 | EC12: 0 | ED12: 0 | EE12: 0 | EF12: 0 | EG12: 0 | EH12: 0 | EI12: 1 | EJ12: 0 | EK12: 0 | EL12: 0 | EM12: 0 | EN12: 0 | EO12: 0 | EP12: 0 | EQ12: 0 | ER12: 2 | ES12: 1 | ET12: 0 | EU12: 2 | EV12: 1 | EW12: 0 | EX12: 0 | EY12: 0 | EZ12: 0 | FA12: 0 | FB12: 0 | FC12: 0 | FD12: 0 | FE12: 0 | FF12: 0 | FG12: =SUM(DZ12:FF12) -> 10 | FH12: 0 | FI12: 0 | FJ12: 0 | FK12: 0 | FL12: 0 | FM12: 0 | FN12: =SUM(FH12:FM12) -> 0 | FO12: =SUM(DK12,DY12,FG12,FN12) -> 40 | FP12: 6 | FQ12: 5 | FR12: 3 | FS12: 6 | FT12: 3 | FU12: 2 | FV12: 4 | FW12: 6 | FX12: =SUM(FQ12:FW12) -> 29 | FY12: 1 | FZ12: =IF($G12<=50,$FY12+0,IF(AND($G12<60,$G12>50),$FY12+1,IF(AND($G12<70,$G12>60),$FY12+2,IF(AND($G12<80,$G12>70),$FY12+3,IF(AND($G12<90,$G12>80),$FY12+4,IF($G12>=90,$FY12+5,"")))))) -> 3 | GA12: 1
A13: 12 | B13: 1 | C13: 1 | D13: 1 | E13: 19219 | F13: 44370 | G13: =DATEDIF(E13,F13,"M")/12 -> 68.833333 | H13: 57 | I13: =G13-H13 -> 11.833333 | J13: 0 | K13: 1 | L13: 0 | M13: 0 | N13: 2 | O13: 0 | P13: 2 | Q13: 2 | R13: 1 | S13: 0 | T13: 0 | U13: 0 | V13: 1 | W13: 1 | X13: 2 | Y13: 2 | Z13: 0 | AA13: 0 | AC13: 1 | AD13: 1 | AE13: 0 | AF13: 0 | AG13: 0 | AH13: 0 | AI13: =AJ13*ledd!$B$2+AK13*ledd!$B$3+AL13*ledd!$B$4+AM13*ledd!$B$5+AN13*ledd!$B$6+AO13*ledd!$B$7+AP13*ledd!$B$8+AQ13*ledd!$B$9+AR13*ledd!$B$10+AS13*ledd!$B$11+AT13*ledd!$B$12+AU13*ledd!$B$13+AV13*ledd!$B$14+AW13*ledd!$B$15+AX13*ledd!$B$16 -> 350 | AJ13: 200 | AK13: 200 | AL13: 0 | AM13: 0 | AN13: 0 | AO13: 0 | AP13: 0 | AQ13: 0 | AR13: 0 | AS13: 0 | AT13: 0 | AU13: 0 | AV13: 0 | AW13: 0 | AX13: 0 | AY13: 5 | AZ13: 2 | BA13: 0 | BB13: 1 | BC13: 0 | BD13: 0 | BE13: 0 | BF13: 2 | BG13: 0 | BH13: 0 | BI13: 1 | BJ13: 0 | BK13: 0 | BL13: 0 | BM13: 3 | BN13: 0 | BO13: 0 | BP13: 0 | BQ13: 0 | BR13: 0 | BS13: 0 | BT13: 0 | BU13: 0 | BV13: 0 | BW13: 0 | BX13: 0 | BY13: 0 | BZ13: 0 | CA13: 0 | CB13: 0 | CC13: 0 | CD13: 2 | CE13: 0 | CF13: 2 | CG13: 0 | CH13: 0 | CI13: 0 | CJ13: 0 | CK13: 4 | CL13: 0 | CM13: =(SUM(AZ13:BI13)*100/40) -> 15 | CN13: =SUM(BJ13:BO13)*100/24 -> 12.5 | CO13: =SUM(BP13:BU13)*100/24 -> 0 | CP13: =SUM(BV13:BY13)*100/16 -> 0 | CQ13: =SUM(BZ13:CB13)*100/12 -> 0 | CR13: =SUM(CC13:CF13)*100/16 -> 25 | CS13: =SUM(CG13:CI13)*100/12 -> 0 | CT13: =SUM(CJ13:CL13)*100/12 -> 33.333333 | CU13: =SUM(CM13:CT13)/8 -> 10.729167 | CV13: 0 | CW13: 0 | CX13: 0 | CY13: 0 | CZ13: 0 | DA13: 0 | DB13: 0 | DC13: 0 | DD13: 0 | DE13: 2 | DF13: 0 | DG13: 0 | DH13: 1 | DI13: 1 | DJ13: 0 | DK13: =SUM(CV13:DA13,DC13:DI13) -> 4 | DL13: 0 | DM13: 0 | DN13: 0 | DO13: 1 | DP13: 0 | DQ13: 0 | DR13: 3 | DS13: 3 | DT13: 0 | DU13: 1 | DV13: 0 | DW13: 0 | DX13: 1 | DY13: =SUM(DL13:DX13) -> 9 | DZ13: 0 | EA13: 1 | EB13: 0 | EC13: 1 | ED13: 1 | EE13: 1 | EF13: 1 | EG13: 1 | EH13: 1 | EI13: 1 | EJ13: 1 | EK13: 1 | EL13: 1 | EM13: 2 | EN13: 1 | EO13: 2 | EP13: 1 | EQ13: 0 | ER13: 1 | ES13: 1 | ET13: 1 | EU13: 1 | EV13: 2 | EW13: 0 | EX13: 0 | EY13: 0 | EZ13: 0 | FA13: 0 | FB13: 0 | FC13: 0 | FD13: 0 | FE13: 0 | FF13: 0 | FG13: =SUM(DZ13:FF13) -> 23 | FH13: 1 | FI13: 1 | FJ13: 1 | FK13: 1 | FL13: 1 | FM13: 4 | FN13: =SUM(FH13:FM13) -> 9 | FO13: =SUM(DK13,DY13,FG13,FN13) -> 45 | FP13: 6 | FQ13: 3 | FR13: 3 | FS13: 6 | FT13: 2 | FU13: 2 | FV13: 4 | FW13: 6 | FX13: =SUM(FQ13:FW13) -> 26 | FY13: 0 | FZ13: =IF($G13<=50,$FY13+0,IF(AND($G13<60,$G13>50),$FY13+1,IF(AND($G13<70,$G13>60),$FY13+2,IF(AND($G13<80,$G13>70),$FY13+3,IF(AND($G13<90,$G13>80),$FY13+4,IF($G13>=90,$FY13+5,"")))))) -> 2 | GA13: 1
A14: 13 | B14: 1 | C14: 1 | D14: 0 | E14: 22915 | F14: 44371 | G14: =DATEDIF(E14,F14,"M")/12 -> 58.666667 | H14: 50 | I14: =G14-H14 -> 8.6666667 | J14: 0 | K14: 1 | L14: 2 | M14: 0 | N14: 2 | O14: 1 | P14: 1 | Q14: 4 | R14: 3 | S14: 0 | T14: 0 | U14: 0 | V14: 1 | W14: 1 | X14: 2 | Y14: 2 | Z14: 0 | AA14: 0 | AC14: 0 | AD14: 0 | AE14: 1 | AF14: 0 | AG14: 0 | AH14: 0 | AI14: =AJ14*ledd!$B$2+AK14*ledd!$B$3+AL14*ledd!$B$4+AM14*ledd!$B$5+AN14*ledd!$B$6+AO14*ledd!$B$7+AP14*ledd!$B$8+AQ14*ledd!$B$9+AR14*ledd!$B$10+AS14*ledd!$B$11+AT14*ledd!$B$12+AU14*ledd!$B$13+AV14*ledd!$B$14+AW14*ledd!$B$15+AX14*ledd!$B$16 -> 1341.5 | AJ14: 475 | AK14: 200 | AL14: 0 | AM14: 0 | AN14: 0 | AO14: 20 | AP14: 0 | AQ14: 0 | AR14: 0 | AS14: 0 | AT14: 200 | AU14: 0 | AV14: 0 | AW14: 100 | AX14: 50 | AY14: 6 | AZ14: 3 | BA14: 3 | BB14: 4 | BC14: 4 | BD14: 2 | BE14: 3 | BF14: 3 | BG14: 3 | BH14: 3 | BI14: 3 | BJ14: 3 | BK14: 3 | BL14: 3 | BM14: 3 | BN14: 3 | BO14: 0 | BP14: 3 | BQ14: 0 | BR14: 2 | BS14: 2 | BT14: 2 | BU14: 3 | BV14: 0 | BW14: 0 | BX14: 0 | BY14: 0 | BZ14: 0 | CA14: 0 | CB14: 0 | CC14: 0 | CD14: 2 | CE14: 2 | CF14: 3 | CG14: 0 | CH14: 0 | CI14: 0 | CJ14: 4 | CK14: 4 | CL14: 4 | CM14: =(SUM(AZ14:BI14)*100/40) -> 77.5 | CN14: =SUM(BJ14:BO14)*100/24 -> 62.5 | CO14: =SUM(BP14:BU14)*100/24 -> 50 | CP14: =SUM(BV14:BY14)*100/16 -> 0 | CQ14: =SUM(BZ14:CB14)*100/12 -> 0 | CR14: =SUM(CC14:CF14)*100/16 -> 43.75 | CS14: =SUM(CG14:CI14)*100/12 -> 0 | CT14: =SUM(CJ14:CL14)*100/12 -> 100 | CU14: =SUM(CM14:CT14)/8 -> 41.71875 | CV14: 0 | CW14: 1 | CX14: 0 | CY14: 0 | CZ14: 0 | DA14: 1 | DB14: 0 | DC14: 3 | DD14: 0 | DE14: 4 | DF14: 1 | DG14: 2 | DH14: 2 | DI14: 0 | DJ14: 0 | DK14: =SUM(CV14:DA14,DC14:DI14) -> 14 | DL14: 2 | DM14: 0 | DN14: 0 | DO14: 1 | DP14: 3 | DQ14: 3 | DR14: 3 | DS14: 3 | DT14: 3 | DU14: 0 | DV14: 3 | DW14: 3 | DX14: 3 | DY14: =SUM(DL14:DX14) -> 27 | DZ14: 1 | EA14: 0 | EB14: 0 | EC14: 0 | ED14: 0 | EE14: 0 | EF14: 0 | EG14: 0 | EH14: 0 | EI14: 0 | EJ14: 0 | EK14: 0 | EL14: 0 | EM14: 0 | EN14: 0 | EO14: 0 | EP14: 0 | EQ14: 0 | ER14: 3 | ES14: 1 | ET14: 1 | EU14: 3 | EV14: 0 | EW14: 0 | EX14: 0 | EY14: 0 | EZ14: 0 | FA14: 0 | FB14: 0 | FC14: 0 | FD14: 0 | FE14: 0 | FF14: 0 | FG14: =SUM(DZ14:FF14) -> 9 | FH14: 0 | FI14: 0 | FJ14: 2 | FK14: 0 | FL14: 0 | FM14: 4 | FN14: =SUM(FH14:FM14) -> 6 | FO14: =SUM(DK14,DY14,FG14,FN14) -> 56 | FP14: 9 | FQ14: 5 | FR14: 3 | FS14: 5 | FT14: 3 | FU14: 2 | FV14: 5 | FW14: 6 | FX14: =SUM(FQ14:FW14) -> 29 | FY14: 0 | FZ14: =IF($G14<=50,$FY14+0,IF(AND($G14<60,$G14>50),$FY14+1,IF(AND($G14<70,$G14>60),$FY14+2,IF(AND($G14<80,$G14>70),$FY14+3,IF(AND($G14<90,$G14>80),$FY14+4,IF($G14>=90,$FY14+5,"")))))) -> 1 | GA14: 1
A15: 14 | B15: 1 | C15: 1 | D15: 0 | E15: 18735 | F15: 44375 | G15: =DATEDIF(E15,F15,"M")/12 -> 70.166667 | H15: 53 | I15: =G15-H15 -> 17.166667 | J15: 0 | K15: 3 | L15: 8 | M15: 0 | N15: 2 | O15: 1 | P15: 2 | Q15: 1 | R15: 1 | S15: 1 | T15: 1 | U15: 0 | V15: 1 | W15: 1 | X15: 3 | Y15: 3 | Z15: 0 | AA15: 1 | AB15: 0 | AC15: 6 | AD15: 0 | AE15: 0 | AF15: 0 | AG15: 0 | AH15: 0 | AI15: =AJ15*ledd!$B$2+AK15*ledd!$B$3+AL15*ledd!$B$4+AM15*ledd!$B$5+AN15*ledd!$B$6+AO15*ledd!$B$7+AP15*ledd!$B$8+AQ15*ledd!$B$9+AR15*ledd!$B$10+AS15*ledd!$B$11+AT15*ledd!$B$12+AU15*ledd!$B$13+AV15*ledd!$B$14+AW15*ledd!$B$15+AX15*ledd!$B$16 -> 1355 | AJ15: 700 | AK15: 100 | AL15: 0 | AM15: 0 | AN15: 0 | AO15: 0 | AP15: 16 | AQ15: 0 | AR15: 0 | AS15: 1 | AT15: 0 | AU15: 0 | AV15: 0 | AW15: 0 | AX15: 0 | AY15: 5 | AZ15: 3 | BA15: 3 | BB15: 4 | BC15: 3 | BD15: 1 | BE15: 2 | BF15: 1 | BG15: 0 | BH15: 0 | BI15: 0 | BJ15: 1 | BK15: 2 | BL15: 1 | BM15: 1 | BN15: 0 | BO15: 1 | BP15: 1 | BQ15: 0 | BR15: 1 | BS15: 1 | BT15: 2 | BU15: 0 | BV15: 0 | BW15: 2 | BX15: 0 | BY15: 0 | BZ15: 0 | CA15: 0 | CB15: 0 | CC15: 0 | CD15: 0 | CE15: 0 | CF15: 1 | CG15: 0 | CH15: 0 | CI15: 0 | CJ15: 1 | CK15: 2 | CL15: 0 | CM15: =(SUM(AZ15:BI15)*100/40) -> 42.5 | CN15: =SUM(BJ15:BO15)*100/24 -> 25 | CO15: =SUM(BP15:BU15)*100/24 -> 20.833333 | CP15: =SUM(BV15:BY15)*100/16 -> 12.5 | CQ15: =SUM(BZ15:CB15)*100/12 -> 0 | CR15: =SUM(CC15:CF15)*100/16 -> 6.25 | CS15: =SUM(CG15:CI15)*100/12 -> 0 | CT15: =SUM(CJ15:CL15)*100/12 -> 25 | CU15: =SUM(CM15:CT15)/8 -> 16.510417 | CV15: 0 | CW15: 1 | CX15: 1 | CY15: 0 | CZ15: 0 | DA15: 2 | DB15: 0 | DC15: 4 | DD15: 0 | DE15: 0 | DF15: 0 | DG15: 0 | DH15: 0 | DI15: 1 | DJ15: 0 | DK15: =SUM(CV15:DA15,DC15:DI15) -> 9 | DL15: 0 | DM15: 1 | DN15: 0 | DO15: 0 | DP15: 1 | DQ15: 1 | DR15: 0 | DS15: 1 | DT15: 2 | DU15: 2 | DV15: 2 | DW15: 1 | DX15: 1 | DY15: =SUM(DL15:DX15) -> 12 | DZ15: 0 | EA15: 1 | EB15: 0 | EC15: 1 | ED15: 1 | EE15: 0 | EF15: 0 | EG15: 0 | EH15: 0 | EI15: 0 | EJ15: 0 | EK15: 0 | EL15: 0 | EM15: 0 | EN15: 1 | EO15: 0 | EP15: 0 | EQ15: 0 | ER15: 0 | ES15: 0 | ET15: 1 | EU15: 1 | EV15: 1 | EW15: 0 | EX15: 0 | EY15: 0 | EZ15: 0 | FA15: 0 | FB15: 0 | FC15: 0 | FD15: 0 | FE15: 0 | FF15: 0 | FG15: =SUM(DZ15:FF15) -> 7 | FH15: 0 | FI15: 0 | FJ15: 1 | FK15: 1 | FL15: 3 | FM15: 0 | FN15: =SUM(FH15:FM15) -> 5 | FO15: =SUM(DK15,DY15,FG15,FN15) -> 33 | FP15: 6 | FQ15: 3 | FR15: 3 | FS15: 6 | FT15: 3 | FU15: 2 | FV15: 4 | FW15: 6 | FX15: =SUM(FQ15:FW15) -> 27 | FY15: 0 | FZ15: =IF($G15<=50,$FY15+0,IF(AND($G15<60,$G15>50),$FY15+1,IF(AND($G15<70,$G15>60),$FY15+2,IF(AND($G15<80,$G15>70),$FY15+3,IF(AND($G15<90,$G15>80),$FY15+4,IF($G15>=90,$FY15+5,"")))))) -> 3 | GA15: 1
A16: 15 | B16: 1 | C16: 1 | D16: 0 | E16: 19966 | F16: 44379 | G16: =DATEDIF(E16,F16,"M")/12 -> 66.833333 | H16: 56 | I16: =G16-H16 -> 10.833333 | J16: 0 | K16: 5 | L16: 1 | M16: 3 | N16: 1 | O16: 2 | P16: 2 | Q16: 1 | R16: 0 | S16: 1 | T16: 1 | U16: 0 | V16: 1 | W16: 1 | X16: 2 | Y16: 2 | Z16: 5 | AA16: 0 | AC16: 3 | AD16: 3 | AE16: 1 | AF16: 1 | AG16: 0 | AH16: 1 | AI16: =AJ16*ledd!$B$2+AK16*ledd!$B$3+AL16*ledd!$B$4+AM16*ledd!$B$5+AN16*ledd!$B$6+AO16*ledd!$B$7+AP16*ledd!$B$8+AQ16*ledd!$B$9+AR16*ledd!$B$10+AS16*ledd!$B$11+AT16*ledd!$B$12+AU16*ledd!$B$13+AV16*ledd!$B$14+AW16*ledd!$B$15+AX16*ledd!$B$16 -> 391 | AJ16: 100 | AK16: 100 | AL16: 200 | AM16: 0 | AN16: 0 | AO16: 0 | AP16: 0 | AQ16: 0 | AR16: 0 | AS16: 0 | AT16: 0 | AU16: 0 | AV16: 150 | AW16: 0 | AX16: 0 | AY16: 7 | AZ16: 4 | BA16: 4 | BB16: 4 | BC16: 4 | BD16: 4 | BE16: 4 | BF16: 4 | BG16: 4 | BH16: 4 | BI16: 4 | BJ16: 3 | BK16: 4 | BL16: 4 | BM16: 4 | BN16: 4 | BO16: 1 | BP16: 3 | BQ16: 0 | BR16: 0 | BS16: 0 | BT16: 2 | BU16: 4 | BV16: 0 | BW16: 0 | BX16: 0 | BY16: 0 | BZ16: 0 | CA16: 0 | CB16: 0 | CC16: 0 | CD16: 1 | CE16: 2 | CF16: 3 | CG16: 0 | CH16: 0 | CI16: 0 | CJ16: 3 | CK16: 3 | CL16: 1 | CM16: =(SUM(AZ16:BI16)*100/40) -> 100 | CN16: =SUM(BJ16:BO16)*100/24 -> 83.333333 | CO16: =SUM(BP16:BU16)*100/24 -> 37.5 | CP16: =SUM(BV16:BY16)*100/16 -> 0 | CQ16: =SUM(BZ16:CB16)*100/12 -> 0 | CR16: =SUM(CC16:CF16)*100/16 -> 37.5 | CS16: =SUM(CG16:CI16)*100/12 -> 0 | CT16: =SUM(CJ16:CL16)*100/12 -> 58.333333 | CU16: =SUM(CM16:CT16)/8 -> 39.583333 | CV16: 1 | CW16: 0 | CX16: 1 | CY16: 0 | CZ16: 0 | DA16: 0 | DB16: 0 | DC16: 1 | DD16: 0 | DE16: 2 | DF16: 0 | DG16: 0 | DH16: 4 | DI16: 0 | DJ16: 0 | DK16: =SUM(CV16:DA16,DC16:DI16) -> 9 | DL16: 0 | DM16: 1 | DN16: 2 | DO16: 3 | DP16: 4 | DQ16: 4 | DR16: 4 | DS16: 4 | DT16: 4 | DU16: 0 | DV16: 4 | DW16: 4 | DX16: 4 | DY16: =SUM(DL16:DX16) -> 38 | DZ16: 0 | EA16: 2 | EB16: 3 | EC16: 4 | ED16: 3 | EE16: 0 | EF16: 0 | EG16: 0 | EH16: 0 | EI16: 0 | EJ16: 0 | EK16: 0 | EL16: 0 | EM16: 4 | EN16: 4 | EO16: 4 | EP16: 4 | EQ16: 4 | ER16: 4 | ES16: 4 | ET16: 4 | EU16: 4 | EV16: 4 | EW16: 0 | EX16: 0 | EY16: 0 | EZ16: 0 | FA16: 0 | FB16: 0 | FC16: 0 | FD16: 0 | FE16: 0 | FF16: 0 | FG16: =SUM(DZ16:FF16) -> 52 | FH16: 0 | FI16: 0 | FJ16: 1 | FK16: 4 | FL16: 1 | FM16: 4 | FN16: =SUM(FH16:FM16) -> 10 | FO16: =SUM(DK16,DY16,FG16,FN16) -> 109 | FP16: 9 | FQ16: 4 | FR16: 3 | FS16: 4 | FT16: 2 | FU16: 2 | FV16: 1 | FW16: 6 | FX16: =SUM(FQ16:FW16) -> 22 | FY16: 0 | FZ16: =IF($G16<=50,$FY16+0,IF(AND($G16<60,$G16>50),$FY16+1,IF(AND($G16<70,$G16>60),$FY16+2,IF(AND($G16<80,$G16>70),$FY16+3,IF(AND($G16<90,$G16>80),$FY16+4,IF($G16>=90,$FY16+5,"")))))) -> 2 | GA16: 1
A17: 16 | B17: 1 | C17: 1 | D17: 0 | E17: 19512 | F17: 44382 | G17: =DATEDIF(E17,F17,"M")/12 -> 68.083333 | H17: 43 | I17: =G17-H17 -> 25.083333 | J17: 0 | K17: 0 | L17: 8 | M17: 0 | N17: 2 | O17: 2 | P17: 0 | Q17: 4 | R17: 1 | S17: 1 | T17: 1 | U17: 0 | V17: 1 | W17: 1 | X17: 3 | Y17: 3 | Z17: 6 | AA17: 2 | AB17: 0 | AC17: 3 | AD17: 3 | AE17: 1 | AF17: 1 | AG17: 0 | AH17: 1 | AI17: =AJ17*ledd!$B$2+AK17*ledd!$B$3+AL17*ledd!$B$4+AM17*ledd!$B$5+AN17*ledd!$B$6+AO17*ledd!$B$7+AP17*ledd!$B$8+AQ17*ledd!$B$9+AR17*ledd!$B$10+AS17*ledd!$B$11+AT17*ledd!$B$12+AU17*ledd!$B$13+AV17*ledd!$B$14+AW17*ledd!$B$15+AX17*ledd!$B$16 -> 2208 | AJ17: 825 | AK17: 100 | AL17: 1600 | AM17: 0 | AN17: 0 | AO17: 0 | AP17: 16 | AQ17: 0 | AR17: 0 | AS17: 0 | AT17: 300 | AU17: 0 | AV17: 0 | AW17: 0 | AX17: 0 | AY17: 4 | AZ17: 2 | BA17: 3 | BB17: 3 | BC17: 3 | BD17: 1 | BE17: 3 | BF17: 3 | BG17: 0 | BH17: 3 | BI17: 3 | BJ17: 2 | BK17: 1 | BL17: 2 | BM17: 3 | BN17: 0 | BO17: 0 | BP17: 3 | BQ17: 3 | BR17: 3 | BS17: 3 | BT17: 2 | BU17: 3 | BV17: 0 | BW17: 0 | BX17: 0 | BY17: 1 | BZ17: 0 | CA17: 0 | CB17: 0 | CC17: 1 | CD17: 1 | CE17: 1 | CF17: 1 | CG17: 3 | CH17: 2 | CI17: 1 | CJ17: 1 | CK17: 3 | CL17: 3 | CM17: =(SUM(AZ17:BI17)*100/40) -> 60 | CN17: =SUM(BJ17:BO17)*100/24 -> 33.333333 | CO17: =SUM(BP17:BU17)*100/24 -> 70.833333 | CP17: =SUM(BV17:BY17)*100/16 -> 6.25 | CQ17: =SUM(BZ17:CB17)*100/12 -> 0 | CR17: =SUM(CC17:CF17)*100/16 -> 25 | CS17: =SUM(CG17:CI17)*100/12 -> 50 | CT17: =SUM(CJ17:CL17)*100/12 -> 58.333333 | CU17: =SUM(CM17:CT17)/8 -> 37.96875 | CV17: 2 | CW17: 1 | CX17: 2 | CY17: 2 | CZ17: 3 | DA17: 0 | DB17: 0 | DC17: 3 | DD17: 1 | DE17: 3 | DF17: 3 | DG17: 1 | DH17: 0 | DI17: 1 | DJ17: 0 | DK17: =SUM(CV17:DA17,DC17:DI17) -> 22 | DL17: 3 | DM17: 1 | DN17: 2 | DO17: 0 | DP17: 2 | DQ17: 2 | DR17: 3 | DS17: 3 | DT17: 0 | DU17: 0 | DV17: 2 | DW17: 3 | DX17: 4 | DY17: =SUM(DL17:DX17) -> 25 | DZ17: 3 | EA17: 3 | EB17: 3 | EC17: 3 | ED17: 2 | EE17: 2 | EF17: 1 | EG17: 1 | EH17: 1 | EI17: 3 | EJ17: 3 | EK17: 3 | EL17: 2 | EM17: 0 | EN17: 0 | EO17: 0 | EP17: 0 | EQ17: 2 | ER17: 3 | ES17: 2 | ET17: 1 | EU17: 3 | EV17: 3 | EW17: 1 | EX17: 0 | EY17: 0 | EZ17: 0 | FA17: 0 | FB17: 0 | FC17: 0 | FD17: 0 | FE17: 0 | FF17: 0 | FG17: =SUM(DZ17:FF17) -> 45 | FH17: 1 | FI17: 2 | FJ17: 0 | FK17: 0 | FL17: 0 | FM17: 0 | FN17: =SUM(FH17:FM17) -> 3 | FO17: =SUM(DK17,DY17,FG17,FN17) -> 95 | FP17: 14 | FQ17: 4 | FR17: 3 | FS17: 6 | FT17: 3 | FU17: 2 | FV17: 3 | FW17: 6 | FX17: =SUM(FQ17:FW17) -> 27 | FY17: 1 | FZ17: =IF($G17<=50,$FY17+0,IF(AND($G17<60,$G17>50),$FY17+1,IF(AND($G17<70,$G17>60),$FY17+2,IF(AND($G17<80,$G17>70),$FY17+3,IF(AND($G17<90,$G17>80),$FY17+4,IF($G17>=90,$FY17+5,"")))))) -> 3 | GA17: 1
A18: 17 | B18: 1 | C18: 1 | D18: 1 | E18: 22027 | F18: 44383 | G18: =DATEDIF(E18,F18,"M")/12 -> 61.166667 | H18: 57 | I18: =G18-H18 -> 4.1666667 | J18: 0 | K18: 1 | L18: 8 | M18: 0 | N18: 3 | O18: 0 | P18: 1 | Q18: 4 | R18: 3 | S18: 1 | T18: 1 | U18: 0 | V18: 1 | W18: 1 | X18: 1 | Y18: 2 | Z18: 0 | AA18: 2 | AB18: 0 | AC18: 3 | AD18: 3 | AE18: 0 | AF18: 0 | AG18: 0 | AH18: 0 | AI18: =AJ18*ledd!$B$2+AK18*ledd!$B$3+AL18*ledd!$B$4+AM18*ledd!$B$5+AN18*ledd!$B$6+AO18*ledd!$B$7+AP18*ledd!$B$8+AQ18*ledd!$B$9+AR18*ledd!$B$10+AS18*ledd!$B$11+AT18*ledd!$B$12+AU18*ledd!$B$13+AV18*ledd!$B$14+AW18*ledd!$B$15+AX18*ledd!$B$16 -> 400 | AJ18: 400 | AK18: 0 | AL18: 0 | AM18: 0 | AN18: 0 | AO18: 0 | AP18: 0 | AQ18: 0 | AR18: 0 | AS18: 0 | AT18: 0 | AU18: 0 | AV18: 0 | AW18: 0 | AX18: 0 | AY18: 3 | AZ18: 1 | BA18: 0 | BB18: 0 | BC18: 0 | BD18: 0 | BE18: 0 | BF18: 0 | BG18: 0 | BH18: 0 | BI18: 2 | BJ18: 0 | BK18: 0 | BL18: 0 | BM18: 1 | BN18: 0 | BO18: 0 | BP18: 2 | BQ18: 1 | BR18: 2 | BS18: 1 | BT18: 1 | BU18: 0 | BV18: 0 | BW18: 0 | BX18: 0 | BY18: 0 | BZ18: 1 | CA18: 0 | CB18: 0 | CC18: 0 | CD18: 2 | CE18: 2 | CF18: 0 | CG18: 0 | CH18: 0 | CI18: 0 | CJ18: 2 | CK18: 3 | CL18: 3 | CM18: =(SUM(AZ18:BI18)*100/40) -> 7.5 | CN18: =SUM(BJ18:BO18)*100/24 -> 4.1666667 | CO18: =SUM(BP18:BU18)*100/24 -> 29.166667 | CP18: =SUM(BV18:BY18)*100/16 -> 0 | CQ18: =SUM(BZ18:CB18)*100/12 -> 8.3333333 | CR18: =SUM(CC18:CF18)*100/16 -> 25 | CS18: =SUM(CG18:CI18)*100/12 -> 0 | CT18: =SUM(CJ18:CL18)*100/12 -> 66.666667 | CU18: =SUM(CM18:CT18)/8 -> 17.604167 | CV18: 0 | CW18: 0 | CX18: 1 | CY18: 2 | CZ18: 2 | DA18: 0 | DB18: 0 | DC18: 1 | DD18: 0 | DE18: 3 | DF18: 0 | DG18: 1 | DH18: 0 | DI18: 0 | DJ18: 0 | DK18: =SUM(CV18:DA18,DC18:DI18) -> 10 | DL18: 0 | DM18: 0 | DN18: 1 | DO18: 0 | DP18: 0 | DQ18: 0 | DR18: 1 | DS18: 1 | DT18: 0 | DU18: 1 | DV18: 0 | DW18: 0 | DX18: 0 | DY18: =SUM(DL18:DX18) -> 4 | DZ18: 0 | EA18: 0 | EB18: 0 | EC18: 1 | ED18: 0 | EE18: 0 | EF18: 0 | EG18: 0 | EH18: 0 | EI18: 0 | EJ18: 0 | EK18: 0 | EL18: 0 | EM18: 0 | EN18: 0 | EO18: 0 | EP18: 0 | EQ18: 1 | ER18: 0 | ES18: 0 | ET18: 0 | EU18: 0 | EV18: 1 | EW18: 0 | EX18: 0 | EY18: 0 | EZ18: 0 | FA18: 0 | FB18: 0 | FC18: 0 | FD18: 0 | FE18: 0 | FF18: 0 | FG18: =SUM(DZ18:FF18) -> 3 | FH18: 1 | FI18: 0 | FJ18: 1 | FK18: 3 | FL18: 1 | FM18: 1 | FN18: =SUM(FH18:FM18) -> 7 | FO18: =SUM(DK18,DY18,FG18,FN18) -> 24 | FP18: 8 | FQ18: 4 | FR18: 3 | FS18: 5 | FT18: 3 | FU18: 2 | FV18: 2 | FW18: 6 | FX18: =SUM(FQ18:FW18) -> 25 | FY18: 0 | FZ18: =IF($G18<=50,$FY18+0,IF(AND($G18<60,$G18>50),$FY18+1,IF(AND($G18<70,$G18>60),$FY18+2,IF(AND($G18<80,$G18>70),$FY18+3,IF(AND($G18<90,$G18>80),$FY18+4,IF($G18>=90,$FY18+5,"")))))) -> 2 | GA18: 1
A19: 18 | B19: 1 | C19: 1 | D19: 1 | E19: 16431 | F19: 44384 | G19: =DATEDIF(E19,F19,"M")/12 -> 76.5 | H19: 73 | I19: =G19-H19 -> 3.5 | J19: 0 | K19: 1 | L19: 8 | M19: 0 | N19: 2 | O19: 0 | P19: 1 | Q19: 1 | R19: 1 | S19: 1 | T19: 1 | U19: 0 | V19: 1 | W19: 1 | X19: 3 | Y19: 3 | Z19: 0 | AA19: 2 | AB19: 0 | AC19: 1 | AD19: 6 | AE19: 1 | AF19: 1 | AG19: 0 | AH19: 0 | AI19: =AJ19*ledd!$B$2+AK19*ledd!$B$3+AL19*ledd!$B$4+AM19*ledd!$B$5+AN19*ledd!$B$6+AO19*ledd!$B$7+AP19*ledd!$B$8+AQ19*ledd!$B$9+AR19*ledd!$B$10+AS19*ledd!$B$11+AT19*ledd!$B$12+AU19*ledd!$B$13+AV19*ledd!$B$14+AW19*ledd!$B$15+AX19*ledd!$B$16 -> 435 | AJ19: 300 | AK19: 0 | AL19: 0 | AM19: 0 | AN19: 0 | AO19: 0 | AP19: 4.5 | AQ19: 0 | AR19: 0 | AS19: 0 | AT19: 0 | AU19: 0 | AV19: 0 | AW19: 0 | AX19: 0 | AY19: 2 | AZ19: 2 | BA19: 0 | BB19: 0 | BC19: 3 | BD19: 3 | BE19: 0 | BF19: 2 | BG19: 0 | BH19: 0 | BI19: 0 | BJ19: 0 | BK19: 0 | BL19: 0 | BM19: 3 | BN19: 2 | BO19: 0 | BP19: 2 | BQ19: 0 | BR19: 0 | BS19: 2 | BT19: 0 | BU19: 0 | BV19: 0 | BW19: 0 | BX19: 0 | BY19: 0 | BZ19: 0 | CA19: 0 | CB19: 0 | CC19: 0 | CD19: 2 | CE19: 4 | CF19: 0 | CG19: 2 | CH19: 0 | CI19: 0 | CJ19: 2 | CK19: 3 | CL19: 0 | CM19: =(SUM(AZ19:BI19)*100/40) -> 25 | CN19: =SUM(BJ19:BO19)*100/24 -> 20.833333 | CO19: =SUM(BP19:BU19)*100/24 -> 16.666667 | CP19: =SUM(BV19:BY19)*100/16 -> 0 | CQ19: =SUM(BZ19:CB19)*100/12 -> 0 | CR19: =SUM(CC19:CF19)*100/16 -> 37.5 | CS19: =SUM(CG19:CI19)*100/12 -> 16.666667 | CT19: =SUM(CJ19:CL19)*100/12 -> 41.666667 | CU19: =SUM(CM19:CT19)/8 -> 19.791667 | CV19: 2 | CW19: 0 | CX19: 1 | CY19: 0 | CZ19: 0 | DA19: 0 | DB19: 0 | DC19: 1 | DD19: 0 | DE19: 1 | DF19: 0 | DG19: 0 | DH19: 0 | DI19: 1 | DJ19: 0 | DK19: =SUM(CV19:DA19,DC19:DI19) -> 6 | DL19: 0 | DM19: 0 | DN19: 1 | DO19: 0 | DP19: 0 | DQ19: 0 | DR19: 3 | DS19: 3 | DT19: 0 | DU19: 1 | DV19: 0 | DW19: 0 | DX19: 0 | DY19: =SUM(DL19:DX19) -> 8 | DZ19: 0 | EA19: 0 | EB19: 0 | EC19: 1 | ED19: 0 | EE19: 0 | EF19: 0 | EG19: 0 | EH19: 0 | EI19: 0 | EJ19: 0 | EK19: 0 | EL19: 0 | EM19: 0 | EN19: 0 | EO19: 0 | EP19: 0 | EQ19: 1 | ER19: 1 | ES19: 0 | ET19: 2 | EU19: 1 | EV19: 1 | EW19: 1 | EX19: 0 | EY19: 1 | EZ19: 0 | FA19: 1 | FB19: 1 | FC19: 0 | FD19: 0 | FE19: 0 | FF19: 3 | FG19: =SUM(DZ19:FF19) -> 14 | FH19: 0 | FI19: 0 | FJ19: 0 | FK19: 0 | FL19: 0 | FM19: 0 | FN19: =SUM(FH19:FM19) -> 0 | FO19: =SUM(DK19,DY19,FG19,FN19) -> 28 | FP19: 10 | FQ19: 3 | FR19: 3 | FS19: 6 | FT19: 3 | FU19: 2 | FV19: 2 | FW19: 6 | FX19: =SUM(FQ19:FW19) -> 25 | FY19: 2 | FZ19: =IF($G19<=50,$FY19+0,IF(AND($G19<60,$G19>50),$FY19+1,IF(AND($G19<70,$G19>60),$FY19+2,IF(AND($G19<80,$G19>70),$FY19+3,IF(AND($G19<90,$G19>80),$FY19+4,IF($G19>=90,$FY19+5,"")))))) -> 5 | GA19: 0
A20: 19 | B20: 1 | C20: 1 | D20: 1 | E20: 24321 | F20: 44385 | G20: =DATEDIF(E20,F20,"M")/12 -> 54.916667 | H20: 50 | I20: =G20-H20 -> 4.9166667 | J20: 0 | K20: 0 | L20: 8 | M20: 0 | N20: 2 | O20: 0 | P20: 0 | Q20: 2 | R20: 1 | S20: 1 | T20: 1 | U20: 1 | V20: 1 | W20: 1 | X20: 1 | Y20: 1 | Z20: 0 | AA20: 1 | AB20: 0 | AC20: 0 | AD20: 0 | AE20: 1 | AF20: 0 | AG20: 0 | AH20: 1 | AI20: =AJ20*ledd!$B$2+AK20*ledd!$B$3+AL20*ledd!$B$4+AM20*ledd!$B$5+AN20*ledd!$B$6+AO20*ledd!$B$7+AP20*ledd!$B$8+AQ20*ledd!$B$9+AR20*ledd!$B$10+AS20*ledd!$B$11+AT20*ledd!$B$12+AU20*ledd!$B$13+AV20*ledd!$B$14+AW20*ledd!$B$15+AX20*ledd!$B$16 -> 730 | AJ20: 175 | AK20: 100 | AL20: 0 | AM20: 0 | AN20: 0 | AO20: 24 | AP20: 0 | AQ20: 0 | AR20: 0 | AS20: 0 | AT20: 0 | AU20: 0 | AV20: 0 | AW20: 0 | AX20: 0 | AY20: 2 | AZ20: 0 | BA20: 0 | BB20: 0 | BC20: 1 | BD20: 0 | BE20: 0 | BF20: 0 | BG20: 0 | BH20: 0 | BI20: 0 | BJ20: 0 | BK20: 0 | BL20: 0 | BM20: 1 | BN20: 0 | BO20: 1 | BP20: 0 | BQ20: 0 | BR20: 0 | BS20: 0 | BT20: 0 | BU20: 1 | BV20: 1 | BW20: 0 | BX20: 0 | BY20: 0 | BZ20: 1 | CA20: 0 | CB20: 0 | CC20: 0 | CD20: 0 | CE20: 0 | CF20: 0 | CG20: 0 | CH20: 0 | CI20: 0 | CJ20: 1 | CK20: 0 | CL20: 1 | CM20: =(SUM(AZ20:BI20)*100/40) -> 2.5 | CN20: =SUM(BJ20:BO20)*100/24 -> 8.3333333 | CO20: =SUM(BP20:BU20)*100/24 -> 4.1666667 | CP20: =SUM(BV20:BY20)*100/16 -> 6.25 | CQ20: =SUM(BZ20:CB20)*100/12 -> 8.3333333 | CR20: =SUM(CC20:CF20)*100/16 -> 0 | CS20: =SUM(CG20:CI20)*100/12 -> 0 | CT20: =SUM(CJ20:CL20)*100/12 -> 16.666667 | CU20: =SUM(CM20:CT20)/8 -> 5.78125 | CV20: 0 | CW20: 0 | CX20: 0 | CY20: 0 | CZ20: 0 | DA20: 0 | DB20: 0 | DC20: 0 | DD20: 0 | DE20: 0 | DF20: 1 | DG20: 0 | DH20: 0 | DI20: 0 | DJ20: 0 | DK20: =SUM(CV20:DA20,DC20:DI20) -> 1 | DL20: 0 | DM20: 0 | DN20: 0 | DO20: 0 | DP20: 0 | DQ20: 0 | DR20: 1 | DS20: 0 | DT20: 0 | DU20: 0 | DV20: 0 | DW20: 0 | DX20: 0 | DY20: =SUM(DL20:DX20) -> 1 | DZ20: 0 | EA20: 0 | EB20: 2 | EC20: 1 | ED20: 2 | EE20: 1 | EF20: 2 | EG20: 0 | EH20: 0 | EI20: 0 | EJ20: 0 | EK20: 0 | EL20: 0 | EM20: 0 | EN20: 0 | EO20: 0 | EP20: 1 | EQ20: 0 | ER20: 1 | ES20: 0 | ET20: 0 | EU20: 0 | EV20: 0 | EW20: 0 | EX20: 0 | EY20: 0 | EZ20: 0 | FA20: 0 | FB20: 0 | FC20: 0 | FD20: 0 | FE20: 0 | FF20: 0 | FG20: =SUM(DZ20:FF20) -> 10 | FH20: 0 | FI20: 0 | FJ20: 0 | FK20: 0 | FL20: 0 | FM20: 0 | FN20: =SUM(FH20:FM20) -> 0 | FO20: =SUM(DK20,DY20,FG20,FN20) -> 12 | FP20: 2 | FQ20: 3 | FR20: 3 | FS20: 6 | FT20: 3 | FU20: 2 | FV20: 5 | FW20: 6 | FX20: =SUM(FQ20:FW20) -> 28 | FY20: 3 | FZ20: =IF($G20<=50,$FY20+0,IF(AND($G20<60,$G20>50),$FY20+1,IF(AND($G20<70,$G20>60),$FY20+2,IF(AND($G20<80,$G20>70),$FY20+3,IF(AND($G20<90,$G20>80),$FY20+4,IF($G20>=90,$FY20+5,"")))))) -> 4 | GA20: 1
A21: 20 | B21: 1 | C21: 1 | D21: 1 | E21: 20570 | F21: 44386 | G21: =DATEDIF(E21,F21,"M")/12 -> 65.166667 | H21: 64 | I21: =G21-H21 -> 1.1666667 | J21: 0 | K21: 5 | L21: 8 | M21: 0 | N21: 1 | O21: 2 | P21: 2 | Q21: 2 | R21: 1 | S21: 0 | T21: 0 | U21: 0 | V21: 0 | W21: 1 | X21: 2 | Y21: 2 | Z21: 1 | AA21: 2 | AB21: 1 | AC21: 0 | AD21: 0 | AE21: 1 | AF21: 0 | AG21: 0 | AH21: 0 | AI21: =AJ21*ledd!$B$2+AK21*ledd!$B$3+AL21*ledd!$B$4+AM21*ledd!$B$5+AN21*ledd!$B$6+AO21*ledd!$B$7+AP21*ledd!$B$8+AQ21*ledd!$B$9+AR21*ledd!$B$10+AS21*ledd!$B$11+AT21*ledd!$B$12+AU21*ledd!$B$13+AV21*ledd!$B$14+AW21*ledd!$B$15+AX21*ledd!$B$16 -> 600 | AJ21: 600 | AK21: 0 | AL21: 0 | AM21: 0 | AN21: 0 | AO21: 0 | AP21: 0 | AQ21: 0 | AR21: 0 | AS21: 0 | AT21: 0 | AU21: 0 | AV21: 0 | AW21: 0 | AX21: 0 | AY21: 4 | AZ21: 0 | BA21: 2 | BB21: 0 | BC21: 0 | BD21: 0 | BE21: 0 | BF21: 0 | BG21: 0 | BH21: 0 | BI21: 0 | BJ21: 0 | BK21: 0 | BL21: 0 | BM21: 0 | BN21: 0 | BO21: 0 | BP21: 0 | BQ21: 0 | BR21: 1 | BS21: 2 | BT21: 1 | BU21: 1 | BV21: 0 | BW21: 0 | BX21: 0 | BY21: 0 | BZ21: 0 | CA21: 0 | CB21: 0 | CC21: 1 | CD21: 1 | CE21: 0 | CF21: 0 | CG21: 0 | CH21: 0 | CI21: 0 | CJ21: 1 | CK21: 3 | CL21: 0 | CM21: =(SUM(AZ21:BI21)*100/40) -> 5 | CN21: =SUM(BJ21:BO21)*100/24 -> 0 | CO21: =SUM(BP21:BU21)*100/24 -> 20.833333 | CP21: =SUM(BV21:BY21)*100/16 -> 0 | CQ21: =SUM(BZ21:CB21)*100/12 -> 0 | CR21: =SUM(CC21:CF21)*100/16 -> 12.5 | CS21: =SUM(CG21:CI21)*100/12 -> 0 | CT21: =SUM(CJ21:CL21)*100/12 -> 33.333333 | CU21: =SUM(CM21:CT21)/8 -> 8.9583333 | CV21: 0 | CW21: 0 | CX21: 0 | CY21: 0 | CZ21: 0 | DA21: 0 | DB21: 0 | DC21: 0 | DD21: 2 | DE21: 0 | DF21: 1 | DG21: 3 | DH21: 1 | DI21: 0 | DJ21: 0 | DK21: =SUM(CV21:DA21,DC21:DI21) -> 7 | DL21: 1 | DM21: 3 | DN21: 0 | DO21: 0 | DP21: 0 | DQ21: 0 | DR21: 0 | DS21: 0 | DT21: 0 | DU21: 1 | DV21: 0 | DW21: 1 | DX21: 1 | DY21: =SUM(DL21:DX21) -> 7 | DZ21: 1 | EA21: 2 | EB21: 2 | EC21: 2 | ED21: 1 | EE21: 1 | EF21: 1 | EG21: 1 | EH21: 1 | EI21: 2 | EJ21: 1 | EK21: 1 | EL21: 1 | EM21: 1 | EN21: 1 | EO21: 0 | EP21: 1 | EQ21: 0 | ER21: 1 | ES21: 0 | ET21: 0 | EU21: 1 | EV21: 1 | EW21: 0 | EX21: 0 | EY21: 0 | EZ21: 0 | FA21: 0 | FB21: 0 | FC21: 0 | FD21: 0 | FE21: 0 | FF21: 0 | FG21: =SUM(DZ21:FF21) -> 23 | FH21: 1 | FI21: 0 | FJ21: 1 | FK21: 0 | FL21: 0 | FM21: 0 | FN21: =SUM(FH21:FM21) -> 2 | FO21: =SUM(DK21,DY21,FG21,FN21) -> 39 | FP21: 6 | FQ21: 2 | FR21: 3 | FS21: 5 | FT21: 3 | FU21: 2 | FV21: 4 | FW21: 6 | FX21: =SUM(FQ21:FW21) -> 25 | FY21: 0 | FZ21: =IF($G21<=50,$FY21+0,IF(AND($G21<60,$G21>50),$FY21+1,IF(AND($G21<70,$G21>60),$FY21+2,IF(AND($G21<80,$G21>70),$FY21+3,IF(AND($G21<90,$G21>80),$FY21+4,IF($G21>=90,$FY21+5,"")))))) -> 2 | GA21: 0
A22: 21 | B22: 1 | C22: 1 | D22: 0 | E22: 20085 | F22: 44393 | G22: =DATEDIF(E22,F22,"M")/12 -> 66.5 | H22: 50 | I22: =G22-H22 -> 16.5 | J22: 0 | K22: 3 | L22: 1 | M22: 0 | N22: 1 | O22: 0 | P22: 1 | Q22: 4 | R22: 3 | S22: 1 | T22: 1 | U22: 0 | V22: 1 | W22: 1 | X22: 1 | Y22: 1 | Z22: 4 | AA22: 0 | AC22: 3 | AD22: 3 | AE22: 0 | AF22: 0 | AG22: 0 | AH22: 2 | AI22: =AJ22*ledd!$B$2+AK22*ledd!$B$3+AL22*ledd!$B$4+AM22*ledd!$B$5+AN22*ledd!$B$6+AO22*ledd!$B$7+AP22*ledd!$B$8+AQ22*ledd!$B$9+AR22*ledd!$B$10+AS22*ledd!$B$11+AT22*ledd!$B$12+AU22*ledd!$B$13+AV22*ledd!$B$14+AW22*ledd!$B$15+AX22*ledd!$B$16 -> 941.5 | AJ22: 550 | AK22: 100 | AL22: 0 | AM22: 0 | AN22: 0 | AO22: 0 | AP22: 0 | AQ22: 0 | AR22: 0 | AS22: 0 | AT22: 0 | AU22: 0 | AV22: 200 | AW22: 100 | AX22: 50 | AY22: 3 | AZ22: 2 | BA22: 2 | BB22: 0 | BC22: 1 | BD22: 1 | BE22: 2 | BF22: 2 | BG22: 0 | BH22: 2 | BI22: 2 | BJ22: 2 | BK22: 3 | BL22: 0 | BM22: 3 | BN22: 0 | BO22: 0 | BP22: 1 | BQ22: 0 | BR22: 0 | BS22: 0 | BT22: 1 | BU22: 0 | BV22: 0 | BW22: 0 | BX22: 0 | BY22: 0 | BZ22: 1 | CA22: 0 | CB22: 0 | CC22: 3 | CD22: 3 | CE22: 3 | CF22: 1 | CG22: 0 | CH22: 0 | CI22: 0 | CJ22: 3 | CK22: 0 | CL22: 3 | CM22: =(SUM(AZ22:BI22)*100/40) -> 35 | CN22: =SUM(BJ22:BO22)*100/24 -> 33.333333 | CO22: =SUM(BP22:BU22)*100/24 -> 8.3333333 | CP22: =SUM(BV22:BY22)*100/16 -> 0 | CQ22: =SUM(BZ22:CB22)*100/12 -> 8.3333333 | CR22: =SUM(CC22:CF22)*100/16 -> 62.5 | CS22: =SUM(CG22:CI22)*100/12 -> 0 | CT22: =SUM(CJ22:CL22)*100/12 -> 50 | CU22: =SUM(CM22:CT22)/8 -> 24.6875 | CV22: 1 | CW22: 1 | CX22: 1 | CY22: 1 | CZ22: 0 | DA22: 0 | DB22: 0 | DC22: 0 | DD22: 3 | DE22: 2 | DF22: 1 | DG22: 2 | DH22: 1 | DI22: 0 | DJ22: 0 | DK22: =SUM(CV22:DA22,DC22:DI22) -> 13 | DL22: 1 | DM22: 2 | DN22: 0 | DO22: 0 | DP22: 2 | DQ22: 1 | DR22: 3 | DS22: 3 | DT22: 2 | DU22: 0 | DV22: 0 | DW22: 2 | DX22: 3 | DY22: =SUM(DL22:DX22) -> 19 | DZ22: 2 | EA22: 2 | EB22: 0 | EC22: 0 | ED22: 0 | EE22: 0 | EF22: 0 | EG22: 3 | EH22: 3 | EI22: 0 | EJ22: 0 | EK22: 0 | EL22: 0 | EM22: 0 | EN22: 0 | EO22: 0 | EP22: 0 | EQ22: 2 | ER22: 3 | ES22: 2 | ET22: 1 | EU22: 3 | EV22: 2 | EW22: 0 | EX22: 0 | EY22: 0 | EZ22: 0 | FA22: 0 | FB22: 0 | FC22: 0 | FD22: 0 | FE22: 0 | FF22: 0 | FG22: =SUM(DZ22:FF22) -> 23 | FH22: 2 | FI22: 3 | FJ22: 2 | FK22: 3 | FL22: 1 | FM22: 1 | FN22: =SUM(FH22:FM22) -> 12 | FO22: =SUM(DK22,DY22,FG22,FN22) -> 67 | FP22: 10 | FQ22: 4 | FR22: 2 | FS22: 6 | FT22: 2 | FU22: 2 | FV22: 3 | FW22: 6 | FX22: =SUM(FQ22:FW22) -> 25 | FY22: 2 | FZ22: =IF($G22<=50,$FY22+0,IF(AND($G22<60,$G22>50),$FY22+1,IF(AND($G22<70,$G22>60),$FY22+2,IF(AND($G22<80,$G22>70),$FY22+3,IF(AND($G22<90,$G22>80),$FY22+4,IF($G22>=90,$FY22+5,"")))))) -> 4 | GA22: 1
A23: 22 | B23: 1 | C23: 1 | D23: 1 | E23: 19406 | F23: 44396 | G23: =DATEDIF(E23,F23,"M")/12 -> 68.416667 | H23: 62 | I23: =G23-H23 -> 6.4166667 | J23: 0 | K23: 1 | L23: 1 | M23: 0 | N23: 2 | O23: 1 | P23: 4 | Q23: 2 | R23: 1 | S23: 1 | T23: 1 | U23: 0 | V23: 1 | W23: 1 | X23: 0 | Y23: 2 | Z23: 0 | AA23: 1 | AB23: 6 | AC23: 0 | AD23: 0 | AE23: 1 | AF23: 0 | AG23: 0 | AH23: 0 | AI23: =AJ23*ledd!$B$2+AK23*ledd!$B$3+AL23*ledd!$B$4+AM23*ledd!$B$5+AN23*ledd!$B$6+AO23*ledd!$B$7+AP23*ledd!$B$8+AQ23*ledd!$B$9+AR23*ledd!$B$10+AS23*ledd!$B$11+AT23*ledd!$B$12+AU23*ledd!$B$13+AV23*ledd!$B$14+AW23*ledd!$B$15+AX23*ledd!$B$16 -> 616.5 | AJ23: 600 | AK23: 0 | AL23: 0 | AM23: 0 | AN23: 0 | AO23: 0 | AP23: 0 | AQ23: 0 | AR23: 0 | AS23: 0 | AT23: 0 | AU23: 0 | AV23: 0 | AW23: 0 | AX23: 50 | AY23: 2 | AZ23: 3 | BA23: 0 | BB23: 3 | BC23: 4 | BD23: 1 | BE23: 1 | BF23: 0 | BG23: 0 | BH23: 0 | BI23: 3 | BJ23: 0 | BK23: 3 | BL23: 3 | BM23: 1 | BN23: 0 | BO23: 3 | BP23: 2 | BQ23: 0 | BR23: 2 | BS23: 2 | BT23: 0 | BU23: 0 | BV23: 0 | BW23: 0 | BX23: 0 | BY23: 0 | BZ23: 0 | CA23: 0 | CB23: 0 | CC23: 3 | CD23: 2 | CE23: 4 | CF23: 2 | CG23: 3 | CH23: 0 | CI23: 0 | CJ23: 3 | CK23: 0 | CL23: 0 | CM23: =(SUM(AZ23:BI23)*100/40) -> 37.5 | CN23: =SUM(BJ23:BO23)*100/24 -> 41.666667 | CO23: =SUM(BP23:BU23)*100/24 -> 25 | CP23: =SUM(BV23:BY23)*100/16 -> 0 | CQ23: =SUM(BZ23:CB23)*100/12 -> 0 | CR23: =SUM(CC23:CF23)*100/16 -> 68.75 | CS23: =SUM(CG23:CI23)*100/12 -> 25 | CT23: =SUM(CJ23:CL23)*100/12 -> 25 | CU23: =SUM(CM23:CT23)/8 -> 27.864583 | CV23: 1 | CW23: 1 | CX23: 1 | CY23: 0 | CZ23: 2 | DA23: 0 | DB23: 0 | DC23: 3 | DD23: 2 | DE23: 2 | DF23: 0 | DG23: 0 | DH23: 0 | DI23: 0 | DJ23: 0 | DK23: =SUM(CV23:DA23,DC23:DI23) -> 12 | DL23: 1 | DM23: 3 | DN23: 2 | DO23: 1 | DP23: 1 | DQ23: 0 | DR23: 2 | DS23: 3 | DT23: 0 | DU23: 1 | DV23: 1 | DW23: 0 | DX23: 0 | DY23: =SUM(DL23:DX23) -> 15 | DZ23: 1 | EA23: 20 | EB23: 0 | EC23: 1 | ED23: 0 | EE23: 0 | EF23: 0 | EG23: 0 | EH23: 0 | EI23: 0 | EJ23: 0 | EK23: 0 | EL23: 0 | EM23: 1 | EN23: 0 | EO23: 0 | EP23: 0 | EQ23: 0 | ER23: 1 | ES23: 0 | ET23: 0 | EU23: 1 | EV23: 1 | EW23: 1 | EX23: 0 | EY23: 1 | EZ23: 0 | FA23: 1 | FB23: 0 | FC23: 0 | FD23: 0 | FE23: 0 | FF23: 1 | FG23: =SUM(DZ23:FF23) -> 30 | FH23: 0 | FI23: 0 | FJ23: 0 | FK23: 0 | FL23: 0 | FM23: 0 | FN23: =SUM(FH23:FM23) -> 0 | FO23: =SUM(DK23,DY23,FG23,FN23) -> 57 | FP23: 8 | FQ23: 3 | FR23: 3 | FS23: 5 | FT23: 3 | FU23: 1 | FV23: 4 | FW23: 6 | FX23: =SUM(FQ23:FW23) -> 25 | FY23: 0 | FZ23: =IF($G23<=50,$FY23+0,IF(AND($G23<60,$G23>50),$FY23+1,IF(AND($G23<70,$G23>60),$FY23+2,IF(AND($G23<80,$G23>70),$FY23+3,IF(AND($G23<90,$G23>80),$FY23+4,IF($G23>=90,$FY23+5,"")))))) -> 2 | GA23: 1
A24: 23 | B24: 1 | C24: 1 | D24: 1 | E24: 14921 | F24: 44417 | G24: =DATEDIF(E24,F24,"M")/12 -> 80.75 | H24: 74 | I24: =G24-H24 -> 6.75 | J24: 0 | K24: 1 | L24: 8 | M24: 0 | N24: 2 | O24: 1 | P24: 0 | Q24: 4 | R24: 3 | S24: 1 | T24: 1 | U24: 0 | V24: 1 | W24: 1 | X24: 3 | Y24: 2 | Z24: 0 | AA24: 2 | AB24: 0 | AC24: 3 | AD24: 6 | AE24: 0 | AF24: 0 | AG24: 0 | AH24: 0 | AI24: =AJ24*ledd!$B$2+AK24*ledd!$B$3+AL24*ledd!$B$4+AM24*ledd!$B$5+AN24*ledd!$B$6+AO24*ledd!$B$7+AP24*ledd!$B$8+AQ24*ledd!$B$9+AR24*ledd!$B$10+AS24*ledd!$B$11+AT24*ledd!$B$12+AU24*ledd!$B$13+AV24*ledd!$B$14+AW24*ledd!$B$15+AX24*ledd!$B$16 -> 830 | AJ24: 500 | AK24: 0 | AL24: 1000 | AM24: 0 | AN24: 0 | AO24: 0 | AP24: 0 | AQ24: 0 | AR24: 0 | AS24: 0 | AT24: 0 | AU24: 0 | AV24: 0 | AW24: 0 | AX24: 0 | AY24: 4 | AZ24: 2 | BA24: 2 | BB24: 3 | BC24: 0 | BD24: 0 | BE24: 0 | BF24: 2 | BG24: 4 | BH24: 3 | BI24: 4 | BJ24: 2 | BK24: 3 | BL24: 3 | BM24: 4 | BN24: 0 | BO24: 0 | BP24: 1 | BQ24: 0 | BR24: 1 | BS24: 0 | BT24: 0 | BU24: 0 | BV24: 0 | BW24: 0 | BX24: 0 | BY24: 0 | BZ24: 0 | CA24: 0 | CB24: 0 | CC24: 3 | CD24: 2 | CE24: 0 | CF24: 0 | CG24: 3 | CH24: 0 | CI24: 0 | CJ24: 3 | CK24: 0 | CL24: 0 | CM24: =(SUM(AZ24:BI24)*100/40) -> 50 | CN24: =SUM(BJ24:BO24)*100/24 -> 50 | CO24: =SUM(BP24:BU24)*100/24 -> 8.3333333 | CP24: =SUM(BV24:BY24)*100/16 -> 0 | CQ24: =SUM(BZ24:CB24)*100/12 -> 0 | CR24: =SUM(CC24:CF24)*100/16 -> 31.25 | CS24: =SUM(CG24:CI24)*100/12 -> 25 | CT24: =SUM(CJ24:CL24)*100/12 -> 25 | CU24: =SUM(CM24:CT24)/8 -> 23.697917 | CV24: 1 | CW24: 0 | CX24: 0 | CY24: 0 | CZ24: 1 | DA24: 0 | DB24: 0 | DC24: 0 | DD24: 3 | DE24: 1 | DF24: 0 | DG24: 0 | DH24: 0 | DI24: 2 | DJ24: 0 | DK24: =SUM(CV24:DA24,DC24:DI24) -> 8 | DL24: 2 | DM24: 3 | DN24: 1 | DO24: 1 | DP24: 3 | DQ24: 2 | DR24: 3 | DS24: 3 | DT24: 2 | DU24: 1 | DV24: 2 | DW24: 3 | DX24: 1 | DY24: =SUM(DL24:DX24) -> 27 | DZ24: 1 | EA24: 2 | EB24: 1 | EC24: 2 | ED24: 2 | EE24: 0 | EF24: 0 | EG24: 1 | EH24: 2 | EI24: 0 | EJ24: 1 | EK24: 1 | EL24: 2 | EM24: 2 | EN24: 3 | EO24: 0 | EP24: 1 | EQ24: 2 | ER24: 2 | ES24: 1 | ET24: 3 | EU24: 1 | EV24: 4 | EW24: 0 | EX24: 0 | EY24: 0 | EZ24: 0 | FA24: 0 | FB24: 0 | FC24: 0 | FD24: 0 | FE24: 0 | FF24: 0 | FG24: =SUM(DZ24:FF24) -> 34 | FH24: 0 | FI24: 0 | FJ24: 0 | FK24: 0 | FL24: 0 | FM24: 0 | FN24: =SUM(FH24:FM24) -> 0 | FO24: =SUM(DK24,DY24,FG24,FN24) -> 69 | FP24: 10 | FQ24: 5 | FR24: 3 | FS24: 5 | FT24: 1 | FU24: 2 | FV24: 5 | FW24: 5 | FX24: =SUM(FQ24:FW24) -> 26 | FY24: 0 | FZ24: =IF($G24<=50,$FY24+0,IF(AND($G24<60,$G24>50),$FY24+1,IF(AND($G24<70,$G24>60),$FY24+2,IF(AND($G24<80,$G24>70),$FY24+3,IF(AND($G24<90,$G24>80),$FY24+4,IF($G24>=90,$FY24+5,"")))))) -> 4 | GA24: 0
A25: 24 | B25: 1 | C25: 1 | D25: 1 | E25: 23288 | F25: 44417 | G25: =DATEDIF(E25,F25,"M")/12 -> 57.833333 | H25: 48 | I25: =G25-H25 -> 9.8333333 | J25: 0 | K25: 1 | L25: 8 | M25: 0 | N25: 2 | O25: 2 | P25: 1 | Q25: 1 | R25: 0 | S25: 1 | T25: 1 | U25: 0 | V25: 1 | W25: 1 | X25: 0 | Y25: 0 | Z25: 0 | AA25: 0 | AC25: 0 | AD25: 0 | AE25: 0 | AF25: 0 | AG25: 0 | AH25: 2 | AI25: =AJ25*ledd!$B$2+AK25*ledd!$B$3+AL25*ledd!$B$4+AM25*ledd!$B$5+AN25*ledd!$B$6+AO25*ledd!$B$7+AP25*ledd!$B$8+AQ25*ledd!$B$9+AR25*ledd!$B$10+AS25*ledd!$B$11+AT25*ledd!$B$12+AU25*ledd!$B$13+AV25*ledd!$B$14+AW25*ledd!$B$15+AX25*ledd!$B$16 -> 775 | AJ25: 0 | AK25: 100 | AL25: 0 | AM25: 0 | AN25: 0 | AO25: 0 | AP25: 0 | AQ25: 0 | AR25: 0 | AS25: 0 | AT25: 0 | AU25: 70 | AV25: 0 | AW25: 0 | AX25: 0 | AY25: 4 | AZ25: 3 | BA25: 4 | BB25: 4 | BC25: 4 | BD25: 2 | BE25: 1 | BF25: 0 | BG25: 4 | BH25: 2 | BI25: 0 | BJ25: 3 | BK25: 3 | BL25: 4 | BM25: 3 | BN25: 2 | BO25: 2 | BP25: 2 | BQ25: 0 | BR25: 2 | BS25: 2 | BT25: 0 | BU25: 1 | BV25: 0 | BW25: 0 | BX25: 0 | BY25: 1 | BZ25: 1 | CA25: 0 | CB25: 0 | CC25: 3 | CD25: 2 | CE25: 3 | CF25: 3 | CG25: 0 | CH25: 0 | CI25: 0 | CJ25: 3 | CK25: 3 | CL25: 2 | CM25: =(SUM(AZ25:BI25)*100/40) -> 60 | CN25: =SUM(BJ25:BO25)*100/24 -> 70.833333 | CO25: =SUM(BP25:BU25)*100/24 -> 29.166667 | CP25: =SUM(BV25:BY25)*100/16 -> 6.25 | CQ25: =SUM(BZ25:CB25)*100/12 -> 8.3333333 | CR25: =SUM(CC25:CF25)*100/16 -> 68.75 | CS25: =SUM(CG25:CI25)*100/12 -> 0 | CT25: =SUM(CJ25:CL25)*100/12 -> 66.666667 | CU25: =SUM(CM25:CT25)/8 -> 38.75 | CV25: 0 | CW25: 2 | CX25: 2 | CY25: 0 | CZ25: 3 | DA25: 0 | DB25: 0 | DC25: 3 | DD25: 2 | DE25: 2 | DF25: 1 | DG25: 2 | DH25: 3 | DI25: 1 | DJ25: 0 | DK25: =SUM(CV25:DA25,DC25:DI25) -> 21 | DL25: 2 | DM25: 3 | DN25: 2 | DO25: 1 | DP25: 4 | DQ25: 2 | DR25: 3 | DS25: 3 | DT25: 1 | DU25: 3 | DV25: 2 | DW25: 3 | DX25: 0 | DY25: =SUM(DL25:DX25) -> 29 | DZ25: 2 | EA25: 2 | EB25: 2 | EC25: 2 | ED25: 1 | EE25: 1 | EF25: 0 | EG25: 2 | EH25: 2 | EI25: 3 | EJ25: 2 | EK25: 2 | EL25: 2 | EM25: 3 | EN25: 3 | EO25: 4 | EP25: 3 | EQ25: 4 | ER25: 3 | ES25: 1 | ET25: 3 | EU25: 2 | EV25: 3 | EW25: 3 | EX25: 2 | EY25: 3 | EZ25: 2 | FA25: 3 | FB25: 2 | FC25: 1 | FD25: 1 | FE25: 0 | FF25: 4 | FG25: =SUM(DZ25:FF25) -> 73 | FH25: 1 | FI25: 1 | FJ25: 2 | FK25: 3 | FL25: 4 | FM25: 2 | FN25: =SUM(FH25:FM25) -> 13 | FO25: =SUM(DK25,DY25,FG25,FN25) -> 136 | FP25: 19 | FQ25: 3 | FR25: 3 | FS25: 4 | FT25: 0 | FU25: 1 | FV25: 4 | FW25: 6 | FX25: =SUM(FQ25:FW25) -> 21 | FY25: 2 | FZ25: =IF($G25<=50,$FY25+0,IF(AND($G25<60,$G25>50),$FY25+1,IF(AND($G25<70,$G25>60),$FY25+2,IF(AND($G25<80,$G25>70),$FY25+3,IF(AND($G25<90,$G25>80),$FY25+4,IF($G25>=90,$FY25+5,"")))))) -> 3 | GA25: 0
A26: 25 | B26: 1 | C26: 1 | D26: 1 | E26: 18016 | F26: 44421 | G26: =DATEDIF(E26,F26,"M")/12 -> 72.25 | H26: 58 | I26: =G26-H26 -> 14.25 | J26: 0 | K26: 1 | L26: 0 | M26: 0 | N26: 2 | O26: 1 | P26: 4 | Q26: 1 | R26: 1 | S26: 1 | T26: 1 | U26: 0 | V26: 1 | W26: 1 | X26: 3 | Y26: 3 | Z26: 0 | AA26: 2 | AB26: 0 | AC26: 0 | AD26: 0 | AE26: 0 | AF26: 0 | AG26: 0 | AH26: 0 | AI26: =AJ26*ledd!$B$2+AK26*ledd!$B$3+AL26*ledd!$B$4+AM26*ledd!$B$5+AN26*ledd!$B$6+AO26*ledd!$B$7+AP26*ledd!$B$8+AQ26*ledd!$B$9+AR26*ledd!$B$10+AS26*ledd!$B$11+AT26*ledd!$B$12+AU26*ledd!$B$13+AV26*ledd!$B$14+AW26*ledd!$B$15+AX26*ledd!$B$16 -> 1295 | AJ26: 800 | AK26: 500 | AL26: 0 | AM26: 0 | AN26: 0 | AO26: 0 | AP26: 4 | AQ26: 0 | AR26: 0 | AS26: 0 | AT26: 0 | AU26: 0 | AV26: 0 | AW26: 0 | AX26: 0 | AY26: 3 | AZ26: 2 | BA26: 1 | BB26: 0 | BC26: 3 | BD26: 2 | BE26: 1 | BF26: 1 | BG26: 0 | BH26: 2 | BI26: 2 | BJ26: 1 | BK26: 1 | BL26: 0 | BM26: 1 | BN26: 1 | BO26: 2 | BP26: 1 | BQ26: 2 | BR26: 2 | BS26: 0 | BT26: 0 | BU26: 1 | BV26: 0 | BW26: 0 | BX26: 0 | BY26: 0 | BZ26: 1 | CA26: 0 | CB26: 1 | CC26: 2 | CD26: 1 | CE26: 1 | CF26: 2 | CG26: 2 | CH26: 2 | CI26: 2 | CJ26: 3 | CK26: 3 | CL26: 2 | CM26: =(SUM(AZ26:BI26)*100/40) -> 35 | CN26: =SUM(BJ26:BO26)*100/24 -> 25 | CO26: =SUM(BP26:BU26)*100/24 -> 25 | CP26: =SUM(BV26:BY26)*100/16 -> 0 | CQ26: =SUM(BZ26:CB26)*100/12 -> 16.666667 | CR26: =SUM(CC26:CF26)*100/16 -> 37.5 | CS26: =SUM(CG26:CI26)*100/12 -> 50 | CT26: =SUM(CJ26:CL26)*100/12 -> 66.666667 | CU26: =SUM(CM26:CT26)/8 -> 31.979167 | CV26: 0 | CW26: 0 | CX26: 0 | CY26: 0 | CZ26: 2 | DA26: 0 | DB26: 0 | DC26: 3 | DD26: 2 | DE26: 3 | DF26: 0 | DG26: 0 | DH26: 2 | DI26: 0 | DJ26: 0 | DK26: =SUM(CV26:DA26,DC26:DI26) -> 12 | DL26: 1 | DM26: 4 | DN26: 0 | DO26: 0 | DP26: 1 | DQ26: 2 | DR26: 1 | DS26: 0 | DT26: 2 | DU26: 0 | DV26: 3 | DW26: 3 | DX26: 2 | DY26: =SUM(DL26:DX26) -> 19 | DZ26: 1 | EA26: 1 | EB26: 1 | EC26: 2 | ED26: 1 | EE26: 3 | EF26: 3 | EG26: 3 | EH26: 1 | EI26: 3 | EJ26: 3 | EK26: 3 | EL26: 2 | EM26: 3 | EN26: 2 | EO26: 3 | EP26: 2 | EQ26: 3 | ER26: 3 | ES26: 0 | ET26: 3 | EU26: 2 | EV26: 2 | EW26: 0 | EX26: 0 | EY26: 0 | EZ26: 0 | FA26: 0 | FB26: 0 | FC26: 0 | FD26: 0 | FE26: 0 | FF26: 0 | FG26: =SUM(DZ26:FF26) -> 50 | FH26: 0 | FI26: 0 | FJ26: 1 | FK26: 0 | FL26: 0 | FM26: 1 | FN26: =SUM(FH26:FM26) -> 2 | FO26: =SUM(DK26,DY26,FG26,FN26) -> 83 | FP26: 12 | FQ26: 4 | FR26: 3 | FS26: 2 | FT26: 2 | FU26: 2 | FV26: 2 | FW26: 6 | FX26: =SUM(FQ26:FW26) -> 21 | FY26: 0 | FZ26: =IF($G26<=50,$FY26+0,IF(AND($G26<60,$G26>50),$FY26+1,IF(AND($G26<70,$G26>60),$FY26+2,IF(AND($G26<80,$G26>70),$FY26+3,IF(AND($G26<90,$G26>80),$FY26+4,IF($G26>=90,$FY26+5,"")))))) -> 3 | GA26: 0
A27: 26 | B27: 1 | C27: 1 | D27: 1 | E27: 19804 | F27: 44427 | G27: =DATEDIF(E27,F27,"M")/12 -> 67.333333 | H27: 57 | I27: =G27-H27 -> 10.333333 | J27: 0 | K27: 1 | L27: 2 | M27: 0 | N27: 2 | O27: 1 | P27: 0 | Q27: 4 | R27: 3 | S27: 1 | T27: 1 | U27: 1 | V27: 1 | W27: 1 | X27: 2 | Y27: 2 | Z27: 0 | AA27: 2 | AB27: 0 | AC27: 0 | AD27: 6 | AE27: 1 | AF27: 0 | AG27: 0 | AH27: 1 | AI27: =AJ27*ledd!$B$2+AK27*ledd!$B$3+AL27*ledd!$B$4+AM27*ledd!$B$5+AN27*ledd!$B$6+AO27*ledd!$B$7+AP27*ledd!$B$8+AQ27*ledd!$B$9+AR27*ledd!$B$10+AS27*ledd!$B$11+AT27*ledd!$B$12+AU27*ledd!$B$13+AV27*ledd!$B$14+AW27*ledd!$B$15+AX27*ledd!$B$16 -> 350 | AJ27: 250 | AK27: 0 | AL27: 0 | AM27: 0 | AN27: 0 | AO27: 0 | AP27: 0 | AQ27: 0 | AR27: 0 | AS27: 0 | AT27: 0 | AU27: 0 | AV27: 100 | AW27: 0 | AX27: 0 | AY27: 3 | AZ27: 3 | BA27: 1 | BB27: 2 | BC27: 1 | BD27: 0 | BE27: 2 | BF27: 2 | BG27: 1 | BH27: 1 | BI27: 0 | BJ27: 0 | BK27: 0 | BL27: 0 | BM27: 3 | BN27: 0 | BO27: 0 | BP27: 0 | BQ27: 0 | BR27: 1 | BS27: 1 | BT27: 0 | BU27: 2 | BV27: 0 | BW27: 0 | BX27: 0 | BY27: 0 | BZ27: 1 | CA27: 0 | CB27: 0 | CC27: 0 | CD27: 0 | CE27: 0 | CF27: 0 | CG27: 2 | CH27: 0 | CI27: 0 | CJ27: 0 | CK27: 0 | CL27: 0 | CM27: =(SUM(AZ27:BI27)*100/40) -> 32.5 | CN27: =SUM(BJ27:BO27)*100/24 -> 12.5 | CO27: =SUM(BP27:BU27)*100/24 -> 16.666667 | CP27: =SUM(BV27:BY27)*100/16 -> 0 | CQ27: =SUM(BZ27:CB27)*100/12 -> 8.3333333 | CR27: =SUM(CC27:CF27)*100/16 -> 0 | CS27: =SUM(CG27:CI27)*100/12 -> 16.666667 | CT27: =SUM(CJ27:CL27)*100/12 -> 0 | CU27: =SUM(CM27:CT27)/8 -> 10.833333 | CV27: 0 | CW27: 0 | CX27: 1 | CY27: 0 | CZ27: 0 | DA27: 0 | DB27: 0 | DC27: 2 | DD27: 0 | DE27: 1 | DF27: 2 | DG27: 0 | DH27: 0 | DI27: 2 | DJ27: 0 | DK27: =SUM(CV27:DA27,DC27:DI27) -> 8 | DL27: 2 | DM27: 0 | DN27: 0 | DO27: 0 | DP27: 0 | DQ27: 0 | DR27: 3 | DS27: 1 | DT27: 0 | DU27: 1 | DV27: 0 | DW27: 2 | DX27: 0 | DY27: =SUM(DL27:DX27) -> 9 | DZ27: 2 | EA27: 2 | EB27: 1 | EC27: 2 | ED27: 2 | EE27: 1 | EF27: 1 | EG27: 2 | EH27: 2 | EI27: 2 | EJ27: 2 | EK27: 2 | EL27: 3 | EM27: 1 | EN27: 2 | EO27: 1 | EP27: 1 | EQ27: 0 | ER27: 1 | ES27: 1 | ET27: 0 | EU27: 1 | EV27: 2 | EW27: 1 | EX27: 1 | EY27: 1 | EZ27: 1 | FA27: 2 | FB27: 1 | FC27: 0 | FD27: 0 | FE27: 0 | FF27: 1 | FG27: =SUM(DZ27:FF27) -> 42 | FH27: 0 | FI27: 0 | FJ27: 0 | FK27: 0 | FL27: 0 | FM27: 0 | FN27: =SUM(FH27:FM27) -> 0 | FO27: =SUM(DK27,DY27,FG27,FN27) -> 59 | FP27: 3 | FQ27: 5 | FR27: 3 | FS27: 2 | FT27: 2 | FU27: 2 | FV27: 5 | FW27: 6 | FX27: =SUM(FQ27:FW27) -> 25 | FY27: 0 | FZ27: =IF($G27<=50,$FY27+0,IF(AND($G27<60,$G27>50),$FY27+1,IF(AND($G27<70,$G27>60),$FY27+2,IF(AND($G27<80,$G27>70),$FY27+3,IF(AND($G27<90,$G27>80),$FY27+4,IF($G27>=90,$FY27+5,"")))))) -> 2 | GA27: 1
A28: 27 | B28: 1 | C28: 1 | D28: 0 | E28: 23858 | F28: 44427 | G28: =DATEDIF(E28,F28,"M")/12 -> 56.25 | H28: 56 | I28: =G28-H28 -> 0.25 | J28: 0 | K28: 2 | L28: 8 | M28: 0 | N28: 2 | O28: 0 | P28: 2 | Q28: 1 | R28: 0 | S28: 0 | T28: 0 | U28: 1 | V28: 1 | W28: 1 | X28: 1 | Y28: 2 | Z28: 0 | AA28: 2 | AB28: 0 | AC28: 0 | AD28: 6 | AE28: 0 | AF28: 0 | AG28: 0 | AH28: 0 | AI28: =AJ28*ledd!$B$2+AK28*ledd!$B$3+AL28*ledd!$B$4+AM28*ledd!$B$5+AN28*ledd!$B$6+AO28*ledd!$B$7+AP28*ledd!$B$8+AQ28*ledd!$B$9+AR28*ledd!$B$10+AS28*ledd!$B$11+AT28*ledd!$B$12+AU28*ledd!$B$13+AV28*ledd!$B$14+AW28*ledd!$B$15+AX28*ledd!$B$16 -> 300 | AJ28: 300 | AK28: 0 | AL28: 0 | AM28: 0 | AN28: 0 | AO28: 0 | AP28: 0 | AQ28: 0 | AR28: 0 | AS28: 0 | AT28: 0 | AU28: 0 | AV28: 0 | AW28: 0 | AX28: 0 | AY28: 4 | AZ28: 4 | BA28: 3 | BB28: 3 | BC28: 3 | BD28: 2 | BE28: 3 | BF28: 3 | BG28: 2 | BH28: 2 | BI28: 2 | BJ28: 1 | BK28: 2 | BL28: 3 | BM28: 3 | BN28: 0 | BO28: 0 | BP28: 1 | BQ28: 0 | BR28: 1 | BS28: 1 | BT28: 1 | BU28: 2 | BV28: 0 | BW28: 0 | BX28: 0 | BY28: 2 | BZ28: 0 | CA28: 0 | CB28: 0 | CC28: 0 | CD28: 2 | CE28: 1 | CF28: 1 | CG28: 2 | CH28: 0 | CI28: 0 | CJ28: 3 | CK28: 4 | CL28: 3 | CM28: =(SUM(AZ28:BI28)*100/40) -> 67.5 | CN28: =SUM(BJ28:BO28)*100/24 -> 37.5 | CO28: =SUM(BP28:BU28)*100/24 -> 25 | CP28: =SUM(BV28:BY28)*100/16 -> 12.5 | CQ28: =SUM(BZ28:CB28)*100/12 -> 0 | CR28: =SUM(CC28:CF28)*100/16 -> 25 | CS28: =SUM(CG28:CI28)*100/12 -> 16.666667 | CT28: =SUM(CJ28:CL28)*100/12 -> 83.333333 | CU28: =SUM(CM28:CT28)/8 -> 33.4375 | CV28: 1 | CW28: 1 | CX28: 2 | CY28: 0 | CZ28: 3 | DA28: 0 | DB28: 0 | DC28: 3 | DD28: 1 | DE28: 2 | DF28: 2 | DG28: 3 | DH28: 1 | DI28: 3 | DJ28: 0 | DK28: =SUM(CV28:DA28,DC28:DI28) -> 22 | DL28: 2 | DM28: 2 | DN28: 0 | DO28: 0 | DP28: 1 | DQ28: 1 | DR28: 2 | DS28: 2 | DT28: 0 | DU28: 2 | DV28: 0 | DW28: 4 | DX28: 1 | DY28: =SUM(DL28:DX28) -> 17 | DZ28: 0 | EA28: 3 | EB28: 1 | EC28: 1 | ED28: 1 | EE28: 2 | EF28: 2 | EG28: 2 | EH28: 2 | EI28: 2 | EJ28: 2 | EK28: 1 | EL28: 1 | EM28: 2 | EN28: 2 | EO28: 2 | EP28: 2 | EQ28: 1 | ER28: 1 | ES28: 1 | ET28: 3 | EU28: 0 | EV28: 0 | EW28: 0 | EX28: 0 | EY28: 0 | EZ28: 0 | FA28: 0 | FB28: 0 | FC28: 1 | FD28: 0 | FE28: 0 | FF28: 1 | FG28: =SUM(DZ28:FF28) -> 36 | FH28: 0 | FI28: 0 | FJ28: 0 | FK28: 0 | FL28: 0 | FM28: 0 | FN28: =SUM(FH28:FM28) -> 0 | FO28: =SUM(DK28,DY28,FG28,FN28) -> 75 | FP28: 13 | FQ28: 5 | FR28: 3 | FS28: 5 | FT28: 1 | FU28: 2 | FV28: 3 | FW28: 6 | FX28: =SUM(FQ28:FW28) -> 25 | FY28: 1 | FZ28: =IF($G28<=50,$FY28+0,IF(AND($G28<60,$G28>50),$FY28+1,IF(AND($G28<70,$G28>60),$FY28+2,IF(AND($G28<80,$G28>70),$FY28+3,IF(AND($G28<90,$G28>80),$FY28+4,IF($G28>=90,$FY28+5,"")))))) -> 2 | GA28: 0
A29: 28 | B29: 1 | C29: 1 | D29: 0 | E29: 22670 | F29: 44428 | G29: =DATEDIF(E29,F29,"M")/12 -> 59.5 | H29: 42 | I29: =G29-H29 -> 17.5 | J29: 0 | K29: 1 | L29: 8 | M29: 0 | N29: 2 | O29: 1 | P29: 1 | Q29: 2 | R29: 1 | S29: 1 | T29: 1 | U29: 1 | V29: 1 | W29: 1 | X29: 3 | Y29: 0 | Z29: 0 | AA29: 0 | AC29: 0 | AD29: 6 | AE29: 1 | AF29: 0 | AG29: 0 | AH29: 0 | AI29: =AJ29*ledd!$B$2+AK29*ledd!$B$3+AL29*ledd!$B$4+AM29*ledd!$B$5+AN29*ledd!$B$6+AO29*ledd!$B$7+AP29*ledd!$B$8+AQ29*ledd!$B$9+AR29*ledd!$B$10+AS29*ledd!$B$11+AT29*ledd!$B$12+AU29*ledd!$B$13+AV29*ledd!$B$14+AW29*ledd!$B$15+AX29*ledd!$B$16 -> 1216.5 | AJ29: 225 | AK29: 100 | AL29: 0 | AM29: 0 | AN29: 0 | AO29: 40 | AP29: 0 | AQ29: 0 | AR29: 0 | AS29: 0 | AT29: 0 | AU29: 0 | AV29: 0 | AW29: 100 | AX29: 50 | AY29: 4 | AZ29: 2 | BA29: 3 | BB29: 1 | BC29: 2 | BD29: 2 | BE29: 2 | BF29: 2 | BG29: 1 | BH29: 2 | BI29: 3 | BJ29: 3 | BK29: 3 | BL29: 2 | BM29: 2 | BN29: 2 | BO29: 3 | BP29: 3 | BQ29: 3 | BR29: 3 | BS29: 4 | BT29: 4 | BU29: 4 | BV29: 4 | BW29: 4 | BX29: 3 | BY29: 3 | BZ29: 4 | CA29: 4 | CB29: 2 | CC29: 3 | CD29: 3 | CE29: 3 | CF29: 3 | CG29: 1 | CH29: 2 | CI29: 3 | CJ29: 3 | CK29: 2 | CL29: 3 | CM29: =(SUM(AZ29:BI29)*100/40) -> 50 | CN29: =SUM(BJ29:BO29)*100/24 -> 62.5 | CO29: =SUM(BP29:BU29)*100/24 -> 87.5 | CP29: =SUM(BV29:BY29)*100/16 -> 87.5 | CQ29: =SUM(BZ29:CB29)*100/12 -> 83.333333 | CR29: =SUM(CC29:CF29)*100/16 -> 75 | CS29: =SUM(CG29:CI29)*100/12 -> 50 | CT29: =SUM(CJ29:CL29)*100/12 -> 66.666667 | CU29: =SUM(CM29:CT29)/8 -> 70.3125 | CV29: 2 | CW29: 0 | CX29: 1 | CY29: 0 | CZ29: 2 | DA29: 2 | DB29: 0 | DC29: 1 | DD29: 2 | DE29: 2 | DF29: 2 | DG29: 3 | DH29: 1 | DI29: 1 | DJ29: 0 | DK29: =SUM(CV29:DA29,DC29:DI29) -> 19 | DL29: 1 | DM29: 2 | DN29: 0 | DO29: 0 | DP29: 2 | DQ29: 2 | DR29: 4 | DS29: 2 | DT29: 2 | DU29: 0 | DV29: 2 | DW29: 2 | DX29: 2 | DY29: =SUM(DL29:DX29) -> 21 | DZ29: 2 | EA29: 2 | EB29: 2 | EC29: 3 | ED29: 2 | EE29: 1 | EF29: 0 | EG29: 1 | EH29: 1 | EI29: 3 | EJ29: 2 | EK29: 3 | EL29: 3 | EM29: 2 | EN29: 2 | EO29: 2 | EP29: 2 | EQ29: 0 | ER29: 1 | ES29: 1 | ET29: 1 | EU29: 1 | EV29: 2 | EW29: 0 | EX29: 0 | EY29: 0 | EZ29: 0 | FA29: 0 | FB29: 0 | FC29: 0 | FD29: 0 | FE29: 0 | FF29: 0 | FG29: 0 | FH29: 0 | FI29: 0 | FJ29: 0 | FK29: 0 | FL29: 0 | FM29: 0 | FN29: =SUM(FH29:FM29) -> 0 | FO29: =SUM(DK29,DY29,FG29,FN29) -> 40 | FP29: 19 | FQ29: 5 | FR29: 3 | FS29: 6 | FT29: 2 | FU29: 2 | FV29: 5 | FW29: 6 | FX29: =SUM(FQ29:FW29) -> 29 | FY29: 0 | FZ29: =IF($G29<=50,$FY29+0,IF(AND($G29<60,$G29>50),$FY29+1,IF(AND($G29<70,$G29>60),$FY29+2,IF(AND($G29<80,$G29>70),$FY29+3,IF(AND($G29<90,$G29>80),$FY29+4,IF($G29>=90,$FY29+5,"")))))) -> 1 | GA29: 1
A30: 29 | B30: 1 | C30: 1 | D30: 0 | E30: 15824 | F30: 44428 | G30: =DATEDIF(E30,F30,"M")/12 -> 78.25 | H30: 60 | I30: =G30-H30 -> 18.25 | J30: 0 | K30: 5 | L30: 0 | M30: 3 | N30: NA | O30: 3 | P30: 4 | Q30: 2 | R30: 1 | S30: 1 | T30: 1 | U30: 0 | V30: 1 | W30: 1 | X30: 2 | Y30: 2 | Z30: 1 | AA30: 2 | AB30: 1 | AC30: 1 | AD30: 1 | AE30: 1 | AF30: 0 | AG30: 0 | AH30: 1 | AI30: =AJ30*ledd!$B$2+AK30*ledd!$B$3+AL30*ledd!$B$4+AM30*ledd!$B$5+AN30*ledd!$B$6+AO30*ledd!$B$7+AP30*ledd!$B$8+AQ30*ledd!$B$9+AR30*ledd!$B$10+AS30*ledd!$B$11+AT30*ledd!$B$12+AU30*ledd!$B$13+AV30*ledd!$B$14+AW30*ledd!$B$15+AX30*ledd!$B$16 -> 1600 | AJ30: 700 | AK30: 200 | AL30: 0 | AM30: 300 | AN30: 0 | AO30: 0 | AP30: 0 | AQ30: 0 | AR30: 0 | AS30: 0 | AT30: 600 | AU30: 0 | AV30: 0 | AW30: 0 | AX30: 0 | AY30: 4 | AZ30: 3 | BA30: 3 | BB30: 3 | BC30: 3 | BD30: 2 | BE30: 2 | BF30: 2 | BG30: 3 | BH30: 3 | BI30: 3 | BJ30: 2 | BK30: 2 | BL30: 3 | BM30: 3 | BN30: 1 | BO30: 3 | BP30: 1 | BQ30: 1 | BR30: 0 | BS30: 2 | BT30: 0 | BU30: 2 | BV30: 0 | BW30: 0 | BX30: 0 | BY30: 1 | BZ30: 0 | CA30: 0 | CB30: 0 | CC30: 1 | CD30: 3 | CE30: 1 | CF30: 1 | CG30: 1 | CH30: 0 | CI30: 0 | CJ30: 2 | CK30: 2 | CL30: 1 | CM30: =(SUM(AZ30:BI30)*100/40) -> 67.5 | CN30: =SUM(BJ30:BO30)*100/24 -> 58.333333 | CO30: =SUM(BP30:BU30)*100/24 -> 25 | CP30: =SUM(BV30:BY30)*100/16 -> 6.25 | CQ30: =SUM(BZ30:CB30)*100/12 -> 0 | CR30: =SUM(CC30:CF30)*100/16 -> 37.5 | CS30: =SUM(CG30:CI30)*100/12 -> 8.3333333 | CT30: =SUM(CJ30:CL30)*100/12 -> 41.666667 | CU30: =SUM(CM30:CT30)/8 -> 30.572917 | CV30: 1 | CW30: 1 | CX30: 0 | CY30: 0 | CZ30: 2 | DA30: 0 | DB30: 0 | DC30: 3 | DD30: 0 | DE30: 3 | DF30: 3 | DG30: 2 | DH30: 3 | DI30: 2 | DJ30: 0 | DK30: =SUM(CV30:DA30,DC30:DI30) -> 20 | DL30: 1 | DM30: 2 | DN30: 1 | DO30: 0 | DP30: 1 | DQ30: 1 | DR30: 4 | DS30: 2 | DT30: 2 | DU30: 0 | DV30: 3 | DW30: 3 | DX30: 3 | DY30: =SUM(DL30:DX30) -> 23 | DZ30: 1 | EA30: 2 | EB30: 3 | EC30: 2 | ED30: 2 | EE30: 1 | EF30: 1 | EG30: 3 | EH30: 2 | EI30: 1 | EJ30: 1 | EK30: 3 | EL30: 2 | EM30: 1 | EN30: 1 | EO30: 1 | EP30: 1 | EQ30: 3 | ER30: 3 | ES30: 2 | ET30: 4 | EU30: 3 | EV30: 3 | EW30: 0 | EX30: 0 | EY30: 0 | EZ30: 0 | FA30: 0 | FB30: 0 | FC30: 0 | FD30: 0 | FE30: 0 | FF30: 0 | FG30: =SUM(DZ30:FF30) -> 46 | FH30: 3 | FI30: 2 | FJ30: 2 | FK30: 2 | FL30: 1 | FM30: 0 | FN30: =SUM(FH30:FM30) -> 10 | FO30: =SUM(DK30,DY30,FG30,FN30) -> 99 | FP30: 8 | FQ30: 2 | FR30: 3 | FS30: 6 | FT30: 3 | FU30: 2 | FV30: 2 | FW30: 5 | FX30: =SUM(FQ30:FW30) -> 23 | FY30: 1 | FZ30: =IF($G30<=50,$FY30+0,IF(AND($G30<60,$G30>50),$FY30+1,IF(AND($G30<70,$G30>60),$FY30+2,IF(AND($G30<80,$G30>70),$FY30+3,IF(AND($G30<90,$G30>80),$FY30+4,IF($G30>=90,$FY30+5,"")))))) -> 4 | GA30: 1
A31: 30 | B31: 1 | C31: 1 | D31: 1 | E31: 21596 | F31: 44434 | G31: =DATEDIF(E31,F31,"M")/12 -> 62.5 | H31: 45 | I31: =G31-H31 -> 17.5 | J31: 0 | K31: 1 | L31: 0 | M31: 0 | N31: 2 | O31: 1 | P31: 4 | Q31: 2 | R31: 1 | S31: 1 | T31: 1 | U31: 0 | V31: 1 | W31: 1 | X31: 3 | Y31: 3 | Z31: 0 | AA31: 2 | AB31: 0 | AC31: 6 | AD31: 6 | AE31: 1 | AF31: 0 | AG31: 0 | AH31: 1 | AI31: =AJ31*ledd!$B$2+AK31*ledd!$B$3+AL31*ledd!$B$4+AM31*ledd!$B$5+AN31*ledd!$B$6+AO31*ledd!$B$7+AP31*ledd!$B$8+AQ31*ledd!$B$9+AR31*ledd!$B$10+AS31*ledd!$B$11+AT31*ledd!$B$12+AU31*ledd!$B$13+AV31*ledd!$B$14+AW31*ledd!$B$15+AX31*ledd!$B$16 -> 2796.5 | AJ31: 1450 | AK31: 200 | AL31: 0 | AM31: 0 | AN31: 0 | AO31: 24 | AP31: 0 | AQ31: 0 | AR31: 0 | AS31: 0 | AT31: 600 | AU31: 0 | AV31: 0 | AW31: 100 | AX31: 50 | AY31: 4 | AZ31: 3 | BA31: 2 | BB31: 3 | BC31: 3 | BD31: 2 | BE31: 2 | BF31: 2 | BG31: 3 | BH31: 2 | BI31: 3 | BJ31: 1 | BK31: 1 | BL31: 1 | BM31: 3 | BN31: 1 | BO31: 0 | BP31: 2 | BQ31: 1 | BR31: 2 | BS31: 2 | BT31: 1 | BU31: 1 | BV31: 1 | BW31: 1 | BX31: 1 | BY31: 1 | BZ31: 1 | CA31: 1 | CB31: 1 | CC31: 0 | CD31: 1 | CE31: 1 | CF31: 1 | CG31: 2 | CH31: 2 | CI31: 1 | CJ31: 0 | CK31: 2 | CL31: 0 | CM31: =(SUM(AZ31:BI31)*100/40) -> 62.5 | CN31: =SUM(BJ31:BO31)*100/24 -> 29.166667 | CO31: =SUM(BP31:BU31)*100/24 -> 37.5 | CP31: =SUM(BV31:BY31)*100/16 -> 25 | CQ31: =SUM(BZ31:CB31)*100/12 -> 25 | CR31: =SUM(CC31:CF31)*100/16 -> 18.75 | CS31: =SUM(CG31:CI31)*100/12 -> 41.666667 | CT31: =SUM(CJ31:CL31)*100/12 -> 16.666667 | CU31: =SUM(CM31:CT31)/8 -> 32.03125 | CV31: 0 | CW31: 0 | CX31: 0 | CY31: 0 | CZ31: 0 | DA31: 0 | DB31: 0 | DC31: 1 | DD31: 0 | DE31: 0 | DF31: 2 | DG31: 0 | DH31: 0 | DI31: 0 | DJ31: 0 | DK31: =SUM(CV31:DA31,DC31:DI31) -> 3 | DL31: 4 | DM31: 0 | DN31: 0 | DO31: 0 | DP31: 2 | DQ31: 2 | DR31: 3 | DS31: 4 | DT31: 2 | DU31: 1 | DV31: 2 | DW31: 2 | DX31: 4 | DY31: =SUM(DL31:DX31) -> 26 | DZ31: 4 | EA31: 3 | EB31: 0 | EC31: 0 | ED31: 1 | EE31: 0 | EF31: 0 | EG31: 1 | EH31: 1 | EI31: 2 | EJ31: 1 | EK31: 2 | EL31: 2 | EM31: 1 | EN31: 1 | EO31: 0 | EP31: 0 | EQ31: 2 | ER31: 3 | ES31: 3 | ET31: 4 | EU31: 2 | EV31: 2 | EW31: 2 | EX31: 0 | EY31: 2 | EZ31: 0 | FA31: 1 | FB31: 0 | FC31: 0 | FD31: 0 | FE31: 0 | FF31: 1 | FG31: =SUM(DZ31:FF31) -> 41 | FH31: 0 | FI31: 0 | FJ31: 0 | FK31: 0 | FL31: 0 | FM31: 0 | FN31: =SUM(FH31:FM31) -> 0 | FO31: =SUM(DK31,DY31,FG31,FN31) -> 70 | FP31: 5 | FQ31: 2 | FR31: 3 | FS31: 6 | FT31: 3 | FU31: 2 | FV31: 3 | FW31: 6 | FX31: =SUM(FQ31:FW31) -> 25 | FY31: 1 | FZ31: =IF($G31<=50,$FY31+0,IF(AND($G31<60,$G31>50),$FY31+1,IF(AND($G31<70,$G31>60),$FY31+2,IF(AND($G31<80,$G31>70),$FY31+3,IF(AND($G31<90,$G31>80),$FY31+4,IF($G31>=90,$FY31+5,"")))))) -> 3 | GA31: 1
A32: 31 | B32: 1 | C32: 1 | D32: 1 | E32: 19648 | F32: 44439 | G32: =DATEDIF(E32,F32,"M")/12 -> 67.833333 | H32: 61 | I32: =G32-H32 -> 6.8333333 | J32: 0 | K32: 0 | L32: 1 | M32: 0 | N32: 1 | O32: 1 | P32: 0 | Q32: 1 | R32: 1 | S32: 1 | T32: 1 | U32: 0 | V32: 1 | W32: 1 | X32: 2 | Y32: 2 | Z32: 0 | AA32: 2 | AB32: 0 | AC32: 1 | AD32: 6 | AE32: 0 | AF32: 0 | AG32: 0 | AH32: 0 | AI32: =AJ32*ledd!$B$2+AK32*ledd!$B$3+AL32*ledd!$B$4+AM32*ledd!$B$5+AN32*ledd!$B$6+AO32*ledd!$B$7+AP32*ledd!$B$8+AQ32*ledd!$B$9+AR32*ledd!$B$10+AS32*ledd!$B$11+AT32*ledd!$B$12+AU32*ledd!$B$13+AV32*ledd!$B$14+AW32*ledd!$B$15+AX32*ledd!$B$16 -> 776.5 | AJ32: 375 | AK32: 300 | AL32: 0 | AM32: 0 | AN32: 0 | AO32: 8 | AP32: 0 | AQ32: 0 | AR32: 0 | AS32: 0 | AT32: 0 | AU32: 0 | AV32: 0 | AW32: 0 | AX32: 50 | AY32: 2 | AZ32: 2 | BA32: 2 | BB32: 1 | BC32: 3 | BD32: 1 | BE32: 1 | BF32: 1 | BG32: 0 | BH32: 0 | BI32: 2 | BJ32: 1 | BK32: 1 | BL32: 2 | BM32: 2 | BN32: 2 | BO32: 1 | BP32: 1 | BQ32: 1 | BR32: 0 | BS32: 1 | BT32: 0 | BU32: 1 | BV32: 0 | BW32: 1 | BX32: 0 | BY32: 0 | BZ32: 0 | CA32: 2 | CB32: 1 | CC32: 0 | CD32: 1 | CE32: 1 | CF32: 1 | CG32: 1 | CH32: 1 | CI32: 0 | CJ32: 2 | CK32: 2 | CL32: 0 | CM32: =(SUM(AZ32:BI32)*100/40) -> 32.5 | CN32: =SUM(BJ32:BO32)*100/24 -> 37.5 | CO32: =SUM(BP32:BU32)*100/24 -> 16.666667 | CP32: =SUM(BV32:BY32)*100/16 -> 6.25 | CQ32: =SUM(BZ32:CB32)*100/12 -> 25 | CR32: =SUM(CC32:CF32)*100/16 -> 18.75 | CS32: =SUM(CG32:CI32)*100/12 -> 16.666667 | CT32: =SUM(CJ32:CL32)*100/12 -> 33.333333 | CU32: =SUM(CM32:CT32)/8 -> 23.333333 | CV32: 0 | CW32: 0 | CX32: 0 | CY32: 0 | CZ32: 0 | DA32: 0 | DB32: 0 | DC32: 1 | DD32: 0 | DE32: 1 | DF32: 0 | DG32: 0 | DH32: 0 | DI32: 2 | DJ32: 0 | DK32: =SUM(CV32:DA32,DC32:DI32) -> 4 | DL32: 0 | DM32: 2 | DN32: 0 | DO32: 1 | DP32: 2 | DQ32: 0 | DR32: 2 | DS32: 2 | DT32: 0 | DU32: 2 | DV32: 0 | DW32: 0 | DX32: 1 | DY32: =SUM(DL32:DX32) -> 12 | DZ32: 0 | EA32: 2 | EB32: 0 | EC32: 0 | ED32: 0 | EE32: 0 | EF32: 0 | EG32: 1 | EH32: 1 | EI32: 0 | EJ32: 0 | EK32: 0 | EL32: 0 | EM32: 0 | EN32: 0 | EO32: 0 | EP32: 0 | EQ32: 0 | ER32: 2 | ES32: 0 | ET32: 1 | EU32: 2 | EV32: 1 | EW32: 1 | EX32: 1 | EY32: 1 | EZ32: 1 | FA32: 1 | FB32: 1 | FC32: 0 | FD32: 0 | FE32: 0 | FF32: 1 | FG32: =SUM(DZ32:FF32) -> 17 | FH32: 2 | FI32: 2 | FJ32: 2 | FK32: 2 | FL32: 1 | FM32: 0 | FN32: =SUM(FH32:FM32) -> 9 | FO32: =SUM(DK32,DY32,FG32,FN32) -> 42 | FP32: 6 | FQ32: 5 | FR32: 3 | FS32: 6 | FT32: 3 | FU32: 2 | FV32: 3 | FW32: 6 | FX32: =SUM(FQ32:FW32) -> 28 | FY32: 0 | FZ32: =IF($G32<=50,$FY32+0,IF(AND($G32<60,$G32>50),$FY32+1,IF(AND($G32<70,$G32>60),$FY32+2,IF(AND($G32<80,$G32>70),$FY32+3,IF(AND($G32<90,$G32>80),$FY32+4,IF($G32>=90,$FY32+5,"")))))) -> 2 | GA32: 0
A33: 32 | B33: 1 | C33: 1 | D33: 1 | E33: 16312 | F33: 44452 | G33: =DATEDIF(E33,F33,"M")/12 -> 77 | H33: 76 | I33: =G33-H33 -> 1 | J33: 0 | K33: 5 | L33: 1 | M33: 0 | N33: 1 | O33: 0 | P33: 4 | Q33: 3 | R33: 2 | S33: 0 | T33: 0 | U33: 0 | V33: 1 | W33: 1 | X33: 0 | Y33: 1 | Z33: 4 | AA33: 0 | AC33: 0 | AD33: 0 | AE33: 0 | AF33: 0 | AG33: 0 | AH33: 0 | AI33: =AJ33*ledd!$B$2+AK33*ledd!$B$3+AL33*ledd!$B$4+AM33*ledd!$B$5+AN33*ledd!$B$6+AO33*ledd!$B$7+AP33*ledd!$B$8+AQ33*ledd!$B$9+AR33*ledd!$B$10+AS33*ledd!$B$11+AT33*ledd!$B$12+AU33*ledd!$B$13+AV33*ledd!$B$14+AW33*ledd!$B$15+AX33*ledd!$B$16 -> 175 | AJ33: 100 | AK33: 100 | AL33: 0 | AM33: 0 | AN33: 0 | AO33: 0 | AP33: 0 | AQ33: 0 | AR33: 0 | AS33: 0 | AT33: 0 | AU33: 0 | AV33: 0 | AW33: 0 | AX33: 0 | AY33: 2 | AZ33: 0 | BA33: 0 | BB33: 0 | BC33: 0 | BD33: 0 | BE33: 0 | BF33: 0 | BG33: 0 | BH33: 0 | BI33: 0 | BJ33: 0 | BK33: 0 | BL33: 0 | BM33: 3 | BN33: 0 | BO33: 1 | BP33: 0 | BQ33: 0 | BR33: 0 | BS33: 0 | BT33: 0 | BU33: 0 | BV33: 0 | BW33: 0 | BX33: 0 | BY33: 0 | BZ33: 0 | CA33: 0 | CB33: 0 | CC33: 0 | CD33: 0 | CE33: 1 | CF33: 0 | CG33: 0 | CH33: 0 | CI33: 0 | CJ33: 0 | CK33: 0 | CL33: 0 | CM33: =(SUM(AZ33:BI33)*100/40) -> 0 | CN33: =SUM(BJ33:BO33)*100/24 -> 16.666667 | CO33: =SUM(BP33:BU33)*100/24 -> 0 | CP33: =SUM(BV33:BY33)*100/16 -> 0 | CQ33: =SUM(BZ33:CB33)*100/12 -> 0 | CR33: =SUM(CC33:CF33)*100/16 -> 6.25 | CS33: =SUM(CG33:CI33)*100/12 -> 0 | CT33: =SUM(CJ33:CL33)*100/12 -> 0 | CU33: =SUM(CM33:CT33)/8 -> 2.8645833 | CV33: 0 | CW33: 0 | CX33: 0 | CY33: 0 | CZ33: 0 | DA33: 0 | DB33: 0 | DC33: 0 | DD33: 0 | DE33: 0 | DF33: 0 | DG33: 0 | DH33: 2 | DI33: 0 | DJ33: 0 | DK33: =SUM(CV33:DA33,DC33:DI33) -> 2 | DL33: 0 | DM33: 0 | DN33: 0 | DO33: 0 | DP33: 0 | DQ33: 0 | DR33: 2 | DS33: 0 | DT33: 0 | DU33: 0 | DV33: 0 | DW33: 1 | DX33: 0 | DY33: =SUM(DL33:DX33) -> 3 | DZ33: 1 | EA33: 2 | EB33: 2 | EC33: 2 | ED33: 1 | EE33: 2 | EF33: 1 | EG33: 1 | EH33: 1 | EI33: 1 | EJ33: 1 | EK33: 2 | EL33: 2 | EM33: 2 | EN33: 2 | EO33: 1 | EP33: 2 | EQ33: 4 | ER33: 4 | ES33: 4 | ET33: 4 | EU33: 2 | EV33: 3 | EW33: 0 | EX33: 0 | EY33: 1 | EZ33: 1 | FA33: 0 | FB33: 0 | FC33: 0 | FD33: 0 | FE33: 0 | FF33: 0 | FG33: =SUM(DZ33:FF33) -> 49 | FH33: 0 | FI33: 0 | FJ33: 0 | FK33: 0 | FL33: 0 | FM33: 0 | FN33: =SUM(FH33:FM33) -> 0 | FO33: =SUM(DK33,DY33,FG33,FN33) -> 54 | FP33: 4 | FQ33: 1 | FR33: 3 | FS33: 4 | FT33: 2 | FU33: 2 | FV33: 3 | FW33: 6 | FX33: =SUM(FQ33:FW33) -> 21 | FY33: 0 | FZ33: =IF($G33<=50,$FY33+0,IF(AND($G33<60,$G33>50),$FY33+1,IF(AND($G33<70,$G33>60),$FY33+2,IF(AND($G33<80,$G33>70),$FY33+3,IF(AND($G33<90,$G33>80),$FY33+4,IF($G33>=90,$FY33+5,"")))))) -> 3 | GA33: 0
A34: 33 | B34: 1 | C34: 1 | D34: 0 | E34: 21739 | F34: 44453 | G34: =DATEDIF(E34,F34,"M")/12 -> 62.166667 | H34: 48 | I34: =G34-H34 -> 14.166667 | J34: 0 | K34: 1 | L34: 1 | M34: 0 | N34: 2 | O34: 0 | P34: 4 | Q34: 2 | R34: 1 | S34: 1 | T34: 1 | U34: 0 | V34: 1 | W34: 1 | X34: 1 | Y34: 1 | Z34: 1 | AA34: 4 | AB34: 1 | AC34: 0 | AD34: 0 | AE34: 0 | AF34: 0 | AG34: 0 | AH34: 0 | AI34: =AJ34*ledd!$B$2+AK34*ledd!$B$3+AL34*ledd!$B$4+AM34*ledd!$B$5+AN34*ledd!$B$6+AO34*ledd!$B$7+AP34*ledd!$B$8+AQ34*ledd!$B$9+AR34*ledd!$B$10+AS34*ledd!$B$11+AT34*ledd!$B$12+AU34*ledd!$B$13+AV34*ledd!$B$14+AW34*ledd!$B$15+AX34*ledd!$B$16 -> 0 | AJ34: 0 | AK34: 0 | AL34: 0 | AM34: 0 | AN34: 0 | AO34: 0 | AP34: 0 | AQ34: 0 | AR34: 0 | AS34: 0 | AT34: 0 | AU34: 0 | AV34: 0 | AW34: 0 | AX34: 0 | AY34: 2 | AZ34: 1 | BA34: 0 | BB34: 0 | BC34: 0 | BD34: 0 | BE34: 0 | BF34: 0 | BG34: 0 | BH34: 3 | BI34: 0 | BJ34: 0 | BK34: 0 | BL34: 0 | BM34: 1 | BN34: 0 | BO34: 0 | BP34: 0 | BQ34: 0 | BR34: 1 | BS34: 0 | BT34: 2 | BU34: 1 | BV34: 0 | BW34: 0 | BX34: 3 | BY34: 3 | BZ34: 0 | CA34: 0 | CB34: 0 | CC34: 0 | CD34: 2 | CE34: 0 | CF34: 0 | CG34: 0 | CH34: 0 | CI34: 0 | CJ34: 2 | CK34: 2 | CL34: 0 | CM34: =(SUM(AZ34:BI34)*100/40) -> 10 | CN34: =SUM(BJ34:BO34)*100/24 -> 4.1666667 | CO34: =SUM(BP34:BU34)*100/24 -> 16.666667 | CP34: =SUM(BV34:BY34)*100/16 -> 37.5 | CQ34: =SUM(BZ34:CB34)*100/12 -> 0 | CR34: =SUM(CC34:CF34)*100/16 -> 12.5 | CS34: =SUM(CG34:CI34)*100/12 -> 0 | CT34: =SUM(CJ34:CL34)*100/12 -> 33.333333 | CU34: =SUM(CM34:CT34)/8 -> 14.270833 | CV34: 0 | CW34: 0 | CX34: 0 | CY34: 0 | CZ34: 0 | DA34: 0 | DB34: 0 | DC34: 2 | DD34: 0 | DE34: 3 | DF34: 0 | DG34: 0 | DH34: 0 | DI34: 2 | DJ34: 0 | DK34: =SUM(CV34:DA34,DC34:DI34) -> 7 | DL34: 0 | DM34: 2 | DN34: 0 | DO34: 0 | DP34: 0 | DQ34: 0 | DR34: 1 | DS34: 0 | DT34: 0 | DU34: 0 | DV34: 0 | DW34: 1 | DX34: 0 | DY34: =SUM(DL34:DX34) -> 4 | DZ34: 0 | EA34: 2 | EB34: 0 | EC34: 0 | ED34: 0 | EE34: 0 | EF34: 0 | EG34: 0 | EH34: 0 | EI34: 0 | EJ34: 0 | EK34: 0 | EL34: 0 | EM34: 0 | EN34: 0 | EO34: 0 | EP34: 0 | EQ34: 0 | ER34: 1 | ES34: 0 | ET34: 1 | EU34: 1 | EV34: 0 | EW34: 1 | EX34: 0 | EY34: 1 | EZ34: 0 | FA34: 1 | FB34: 0 | FC34: 0 | FD34: 0 | FE34: 0 | FF34: 1 | FG34: =SUM(DZ34:FF34) -> 9 | FH34: 0 | FI34: 0 | FJ34: 0 | FK34: 0 | FL34: 0 | FM34: 0 | FN34: =SUM(FH34:FM34) -> 0 | FO34: =SUM(DK34,DY34,FG34,FN34) -> 20 | FP34: 8 | FQ34: 4 | FR34: 3 | FS34: 6 | FT34: 3 | FU34: 2 | FV34: 5 | FW34: 6 | FX34: =SUM(FQ34:FW34) -> 29 | FY34: 0 | FZ34: =IF($G34<=50,$FY34+0,IF(AND($G34<60,$G34>50),$FY34+1,IF(AND($G34<70,$G34>60),$FY34+2,IF(AND($G34<80,$G34>70),$FY34+3,IF(AND($G34<90,$G34>80),$FY34+4,IF($G34>=90,$FY34+5,"")))))) -> 2 | GA34: 1
A35: 34 | B35: 1 | C35: 1 | D35: 1 | E35: 20199 | F35: 44459 | G35: =DATEDIF(E35,F35,"M")/12 -> 66.416667 | H35: 51 | I35: =G35-H35 -> 15.416667 | J35: 0 | K35: 0 | L35: 0 | M35: 0 | N35: 1 | O35: 2 | P35: 2 | Q35: 2 | R35: 1 | S35: 1 | T35: 0 | U35: 0 | V35: 1 | W35: 1 | X35: 3 | Y35: 1 | Z35: 6 | AA35: 3 | AB35: 6 | AC35: 0 | AD35: 3 | AE35: 1 | AF35: 1 | AG35: 1 | AH35: 0 | AI35: =AJ35*ledd!$B$2+AK35*ledd!$B$3+AL35*ledd!$B$4+AM35*ledd!$B$5+AN35*ledd!$B$6+AO35*ledd!$B$7+AP35*ledd!$B$8+AQ35*ledd!$B$9+AR35*ledd!$B$10+AS35*ledd!$B$11+AT35*ledd!$B$12+AU35*ledd!$B$13+AV35*ledd!$B$14+AW35*ledd!$B$15+AX35*ledd!$B$16 -> 1130 | AJ35: 725 | AK35: 100 | AL35: 1000 | AM35: 0 | AN35: 0 | AO35: 0 | AP35: 0 | AQ35: 0 | AR35: 0 | AS35: 0 | AT35: 0 | AU35: 0 | AV35: 0 | AW35: 0 | AX35: 0 | AY35: 3 | AZ35: 1 | BA35: 0 | BB35: 0 | BC35: 0 | BD35: 0 | BE35: 0 | BF35: 0 | BG35: 2 | BH35: 0 | BI35: 1 | BJ35: 0 | BK35: 0 | BL35: 4 | BM35: 3 | BN35: 0 | BO35: 0 | BP35: 2 | BQ35: 0 | BR35: 0 | BS35: 1 | BT35: 0 | BU35: 0 | BV35: 0 | BW35: 0 | BX35: 0 | BY35: 0 | BZ35: 0 | CA35: 0 | CB35: 0 | CC35: 0 | CD35: 0 | CE35: 1 | CF35: 0 | CG35: 0 | CH35: 0 | CI35: 0 | CJ35: 2 | CK35: 2 | CL35: 1 | CM35: =(SUM(AZ35:BI35)*100/40) -> 10 | CN35: =SUM(BJ35:BO35)*100/24 -> 29.166667 | CO35: =SUM(BP35:BU35)*100/24 -> 12.5 | CP35: =SUM(BV35:BY35)*100/16 -> 0 | CQ35: =SUM(BZ35:CB35)*100/12 -> 0 | CR35: =SUM(CC35:CF35)*100/16 -> 6.25 | CS35: =SUM(CG35:CI35)*100/12 -> 0 | CT35: =SUM(CJ35:CL35)*100/12 -> 41.666667 | CU35: =SUM(CM35:CT35)/8 -> 12.447917 | CV35: 1 | CW35: 0 | CX35: 0 | CY35: 0 | CZ35: 0 | DA35: 0 | DB35: 0 | DC35: 0 | DD35: 0 | DE35: 2 | DF35: 0 | DG35: 0 | DH35: 0 | DI35: 1 | DJ35: 0 | DK35: =SUM(CV35:DA35,DC35:DI35) -> 4 | DL35: 0 | DM35: 0 | DN35: 0 | DO35: 0 | DP35: 1 | DQ35: 0 | DR35: 4 | DS35: 1 | DT35: 3 | DU35: 3 | DV35: 1 | DW35: 0 | DX35: 3 | DY35: =SUM(DL35:DX35) -> 16 | DZ35: 0 | EA35: 1 | EB35: 2 | EC35: 2 | ED35: 2 | EE35: 2 | EF35: 2 | EG35: 0 | EH35: 0 | EI35: 1 | EJ35: 1 | EK35: 1 | EL35: 3 | EM35: 4 | EN35: 0 | EO35: 0 | EP35: 0 | EQ35: 1 | ER35: 1 | ES35: 0 | ET35: 0 | EU35: 2 | EV35: 1 | EW35: 1 | EX35: 2 | EY35: 0 | EZ35: 1 | FA35: 2 | FB35: 3 | FC35: 0 | FD35: 0 | FE35: 0 | FF35: 2 | FG35: =SUM(DZ35:FF35) -> 37 | FH35: 0 | FI35: 0 | FJ35: 1 | FK35: 3 | FL35: 3 | FM35: 1 | FN35: =SUM(FH35:FM35) -> 8 | FO35: =SUM(DK35,DY35,FG35,FN35) -> 65 | FP35: 3 | FQ35: 3 | FR35: 3 | FS35: 6 | FT35: 2 | FU35: 2 | FV35: 2 | FW35: 4 | FX35: =SUM(FQ35:FW35) -> 22 | FY35: 0 | FZ35: =IF($G35<=50,$FY35+0,IF(AND($G35<60,$G35>50),$FY35+1,IF(AND($G35<70,$G35>60),$FY35+2,IF(AND($G35<80,$G35>70),$FY35+3,IF(AND($G35<90,$G35>80),$FY35+4,IF($G35>=90,$FY35+5,"")))))) -> 2 | GA35: 0
A36: 35 | B36: 1 | C36: 1 | D36: 1 | E36: 24589 | F36: 44460 | G36: =DATEDIF(E36,F36,"M")/12 -> 54.333333 | H36: 52 | I36: =G36-H36 -> 2.3333333 | J36: 0 | K36: 1 | L36: 0 | M36: 0 | N36: 3 | O36: 0 | P36: 4 | Q36: 2 | R36: 1 | S36: 1 | T36: 1 | U36: 0 | V36: 1 | W36: 1 | X36: 1 | Y36: 1 | Z36: 0 | AA36: 1 | AB36: 0 | AC36: 5 | AD36: 0 | AE36: 1 | AF36: 0 | AG36: 0 | AH36: 0 | AI36: =AJ36*ledd!$B$2+AK36*ledd!$B$3+AL36*ledd!$B$4+AM36*ledd!$B$5+AN36*ledd!$B$6+AO36*ledd!$B$7+AP36*ledd!$B$8+AQ36*ledd!$B$9+AR36*ledd!$B$10+AS36*ledd!$B$11+AT36*ledd!$B$12+AU36*ledd!$B$13+AV36*ledd!$B$14+AW36*ledd!$B$15+AX36*ledd!$B$16 -> 105 | AJ36: 0 | AK36: 0 | AL36: 0 | AM36: 0 | AN36: 1.05 | AO36: 0 | AP36: 0 | AQ36: 0 | AR36: 0 | AS36: 0 | AT36: 0 | AU36: 0 | AV36: 0 | AW36: 0 | AX36: 0 | AY36: 2 | AZ36: 0 | BA36: 0 | BB36: 0 | BC36: 3 | BD36: 3 | BE36: 3 | BF36: 3 | BG36: 0 | BH36: 0 | BI36: 2 | BJ36: 0 | BK36: 0 | BL36: 0 | BM36: 0 | BN36: 0 | BO36: 0 | BP36: 2 | BQ36: 0 | BR36: 2 | BS36: 0 | BT36: 0 | BU36: 2 | BV36: 2 | BW36: 0 | BX36: 2 | BY36: 0 | BZ36: 0 | CA36: 0 | CB36: 0 | CC36: 0 | CD36: 2 | CE36: 0 | CF36: 0 | CG36: 2 | CH36: 2 | CI36: 1 | CJ36: 0 | CK36: 1 | CL36: 0 | CM36: =(SUM(AZ36:BI36)*100/40) -> 35 | CN36: =SUM(BJ36:BO36)*100/24 -> 0 | CO36: =SUM(BP36:BU36)*100/24 -> 25 | CP36: =SUM(BV36:BY36)*100/16 -> 25 | CQ36: =SUM(BZ36:CB36)*100/12 -> 0 | CR36: =SUM(CC36:CF36)*100/16 -> 12.5 | CS36: =SUM(CG36:CI36)*100/12 -> 41.666667 | CT36: =SUM(CJ36:CL36)*100/12 -> 8.3333333 | CU36: =SUM(CM36:CT36)/8 -> 18.4375 | CV36: 0 | CW36: 0 | CX36: 1 | CY36: 0 | CZ36: 0 | DA36: 0 | DB36: 0 | DC36: 0 | DD36: 0 | DE36: 1 | DF36: 0 | DG36: 0 | DH36: 0 | DI36: 1 | DJ36: 0 | DK36: =SUM(CV36:DA36,DC36:DI36) -> 3 | DL36: 1 | DM36: 0 | DN36: 1 | DO36: 1 | DP36: 0 | DQ36: 0 | DR36: 1 | DS36: 0 | DT36: 0 | DU36: 3 | DV36: 1 | DW36: 2 | DX36: 1 | DY36: =SUM(DL36:DX36) -> 11 | DZ36: 1 | EA36: 2 | EB36: 2 | EC36: 2 | ED36: 3 | EE36: 2 | EF36: 3 | EG36: 0 | EH36: 0 | EI36: 0 | EJ36: 0 | EK36: 0 | EL36: 0 | EM36: 0 | EN36: 0 | EO36: 0 | EP36: 0 | EQ36: 1 | ER36: 3 | ES36: 1 | ET36: 1 | EU36: 2 | EV36: 0 | EW36: 0 | EX36: 0 | EY36: 0 | EZ36: 0 | FA36: 1 | FB36: 3 | FC36: 0 | FD36: 0 | FE36: 0 | FF36: 2 | FG36: =SUM(DZ36:FF36) -> 29 | FH36: 2 | FI36: 2 | FJ36: 1 | FK36: 0 | FL36: 0 | FM36: 1 | FN36: =SUM(FH36:FM36) -> 6 | FO36: =SUM(DK36,DY36,FG36,FN36) -> 49 | FP36: 6 | FQ36: 4 | FR36: 3 | FS36: 6 | FT36: 3 | FU36: 2 | FV36: 5 | FW36: 6 | FX36: =SUM(FQ36:FW36) -> 29 | FY36: 1 | FZ36: =IF($G36<=50,$FY36+0,IF(AND($G36<60,$G36>50),$FY36+1,IF(AND($G36<70,$G36>60),$FY36+2,IF(AND($G36<80,$G36>70),$FY36+3,IF(AND($G36<90,$G36>80),$FY36+4,IF($G36>=90,$FY36+5,"")))))) -> 2 | GA36: 1
A37: 36 | B37: 1 | C37: 1 | D37: 0 | E37: 21630 | F37: 44461 | G37: =DATEDIF(E37,F37,"M")/12 -> 62.5 | H37: 61 | I37: =G37-H37 -> 1.5 | J37: 0 | K37: 1 | L37: 0 | M37: 0 | N37: 2 | O37: 1 | P37: 3 | Q37: 2 | R37: 1 | S37: 0 | T37: 0 | U37: 0 | V37: 0 | W37: 1 | X37: 3 | Y37: 3 | Z37: 0 | AA37: 2 | AB37: 0 | AC37: 0 | AD37: 0 | AE37: 1 | AF37: 0 | AG37: 0 | AH37: 0 | AI37: =AJ37*ledd!$B$2+AK37*ledd!$B$3+AL37*ledd!$B$4+AM37*ledd!$B$5+AN37*ledd!$B$6+AO37*ledd!$B$7+AP37*ledd!$B$8+AQ37*ledd!$B$9+AR37*ledd!$B$10+AS37*ledd!$B$11+AT37*ledd!$B$12+AU37*ledd!$B$13+AV37*ledd!$B$14+AW37*ledd!$B$15+AX37*ledd!$B$16 -> 100 | AJ37: 100 | AK37: 0 | AL37: 0 | AM37: 0 | AN37: 0 | AO37: 0 | AP37: 0 | AQ37: 0 | AR37: 0 | AS37: 0 | AT37: 0 | AU37: 0 | AV37: 0 | AW37: 0 | AX37: 0 | AY37: 4 | AZ37: 3 | BA37: 3 | BB37: 4 | BC37: 1 | BD37: 0 | BE37: 3 | BF37: 2 | BG37: 4 | BH37: 4 | BI37: 3 | BJ37: 2 | BK37: 3 | BL37: 4 | BM37: 0 | BN37: 1 | BO37: 0 | BP37: 3 | BQ37: 3 | BR37: 0 | BS37: 3 | BT37: 3 | BU37: 3 | BV37: 0 | BW37: 0 | BX37: 0 | BY37: 0 | BZ37: 3 | CA37: 0 | CB37: 0 | CC37: 3 | CD37: 3 | CE37: 1 | CF37: 3 | CG37: 0 | CH37: 0 | CI37: 3 | CJ37: 3 | CK37: 1 | CL37: 0 | CM37: =(SUM(AZ37:BI37)*100/40) -> 67.5 | CN37: =SUM(BJ37:BO37)*100/24 -> 41.666667 | CO37: =SUM(BP37:BU37)*100/24 -> 62.5 | CP37: =SUM(BV37:BY37)*100/16 -> 0 | CQ37: =SUM(BZ37:CB37)*100/12 -> 25 | CR37: =SUM(CC37:CF37)*100/16 -> 62.5 | CS37: =SUM(CG37:CI37)*100/12 -> 25 | CT37: =SUM(CJ37:CL37)*100/12 -> 33.333333 | CU37: =SUM(CM37:CT37)/8 -> 39.6875 | CV37: 1 | CW37: 0 | CX37: 4 | CY37: 3 | CZ37: 3 | DA37: 1 | DB37: 0 | DC37: 3 | DD37: 2 | DE37: 2 | DF37: 3 | DG37: 0 | DH37: 2 | DI37: 3 | DJ37: 0 | DK37: =SUM(CV37:DA37,DC37:DI37) -> 27 | DL37: 0 | DM37: 2 | DN37: 1 | DO37: 0 | DP37: 3 | DQ37: 3 | DR37: 0 | DS37: 3 | DT37: 3 | DU37: 1 | DV37: 2 | DW37: 3 | DX37: 4 | DY37: =SUM(DL37:DX37) -> 25 | DZ37: 1 | EA37: 2 | EB37: 0 | EC37: 0 | ED37: 1 | EE37: 1 | EF37: 1 | EG37: 1 | EH37: 1 | EI37: 0 | EJ37: 0 | EK37: 1 | EL37: 2 | EM37: 1 | EN37: 3 | EO37: 0 | EP37: 2 | EQ37: 1 | ER37: 3 | ES37: 1 | ET37: 3 | EU37: 2 | EV37: 2 | EW37: 1 | EX37: 1 | EY37: 1 | EZ37: 1 | FA37: 3 | FB37: 0 | FC37: 3 | FD37: 3 | FE37: 0 | FF37: 3 | FG37: =SUM(DZ37:FF37) -> 45 | FH37: 0 | FI37: 0 | FJ37: 0 | FK37: 0 | FL37: 0 | FM37: 0 | FN37: =SUM(FH37:FM37) -> 0 | FO37: =SUM(DK37,DY37,FG37,FN37) -> 97 | FP37: 19 | FQ37: 5 | FR37: 3 | FS37: 6 | FT37: 3 | FU37: 2 | FV37: 4 | FW37: 6 | FX37: =SUM(FQ37:FW37) -> 29 | FY37: 0 | FZ37: =IF($G37<=50,$FY37+0,IF(AND($G37<60,$G37>50),$FY37+1,IF(AND($G37<70,$G37>60),$FY37+2,IF(AND($G37<80,$G37>70),$FY37+3,IF(AND($G37<90,$G37>80),$FY37+4,IF($G37>=90,$FY37+5,"")))))) -> 2 | GA37: 1
A38: 37 | B38: 1 | C38: 1 | D38: 1 | E38: 17422 | F38: 44466 | G38: =DATEDIF(E38,F38,"M")/12 -> 74 | H38: 63 | I38: =G38-H38 -> 11 | J38: 0 | K38: 1 | L38: 8 | M38: 0 | N38: 2 | O38: 1 | P38: 0 | Q38: 4 | R38: 3 | S38: 1 | T38: 1 | U38: 0 | V38: 1 | W38: 1 | X38: 2 | Y38: 1 | Z38: 0 | AA38: 0 | AC38: 0 | AD38: 0 | AE38: 1 | AF38: 0 | AG38: 0 | AH38: 0 | AI38: =AJ38*ledd!$B$2+AK38*ledd!$B$3+AL38*ledd!$B$4+AM38*ledd!$B$5+AN38*ledd!$B$6+AO38*ledd!$B$7+AP38*ledd!$B$8+AQ38*ledd!$B$9+AR38*ledd!$B$10+AS38*ledd!$B$11+AT38*ledd!$B$12+AU38*ledd!$B$13+AV38*ledd!$B$14+AW38*ledd!$B$15+AX38*ledd!$B$16 -> 716.5 | AJ38: 400 | AK38: 0 | AL38: 0 | AM38: 0 | AN38: 0 | AO38: 0 | AP38: 0 | AQ38: 0 | AR38: 0 | AS38: 1 | AT38: 200 | AU38: 0 | AV38: 0 | AW38: 0 | AX38: 50 | AY38: 3 | AZ38: 1 | BA38: 0 | BB38: 0 | BC38: 0 | BD38: 0 | BE38: 0 | BF38: 0 | BG38: 0 | BH38: 0 | BI38: 0 | BJ38: 0 | BK38: 0 | BL38: 1 | BM38: 1 | BN38: 0 | BO38: 1 | BP38: 0 | BQ38: 0 | BR38: 0 | BS38: 0 | BT38: 0 | BU38: 1 | BV38: 1 | BW38: 0 | BX38: 0 | BY38: 1 | BZ38: 0 | CA38: 1 | CB38: 1 | CC38: 0 | CD38: 1 | CE38: 2 | CF38: 0 | CG38: 1 | CH38: 0 | CI38: 0 | CJ38: 0 | CK38: 1 | CL38: 0 | CM38: =(SUM(AZ38:BI38)*100/40) -> 2.5 | CN38: =SUM(BJ38:BO38)*100/24 -> 12.5 | CO38: =SUM(BP38:BU38)*100/24 -> 4.1666667 | CP38: =SUM(BV38:BY38)*100/16 -> 12.5 | CQ38: =SUM(BZ38:CB38)*100/12 -> 16.666667 | CR38: =SUM(CC38:CF38)*100/16 -> 18.75 | CS38: =SUM(CG38:CI38)*100/12 -> 8.3333333 | CT38: =SUM(CJ38:CL38)*100/12 -> 8.3333333 | CU38: =SUM(CM38:CT38)/8 -> 10.46875 | CV38: 1 | CW38: 0 | CX38: 0 | CY38: 0 | CZ38: 0 | DA38: 0 | DB38: 0 | DC38: 0 | DD38: 2 | DE38: 0 | DF38: 1 | DG38: 2 | DH38: 0 | DI38: 1 | DJ38: 0 | DK38: =SUM(CV38:DA38,DC38:DI38) -> 7 | DL38: 2 | DM38: 1 | DN38: 0 | DO38: 0 | DP38: 0 | DQ38: 0 | DR38: 2 | DS38: 0 | DT38: 0 | DU38: 1 | DV38: 0 | DW38: 0 | DX38: 0 | DY38: =SUM(DL38:DX38) -> 6 | DZ38: 2 | EA38: 3 | EB38: 1 | EC38: 1 | ED38: 2 | EE38: 1 | EF38: 1 | EG38: 3 | EH38: 2 | EI38: 1 | EJ38: 2 | EK38: 2 | EL38: 2 | EM38: 1 | EN38: 2 | EO38: 0 | EP38: 1 | EQ38: 0 | ER38: 0 | ES38: 0 | ET38: 0 | EU38: 0 | EV38: 1 | EW38: 1 | EX38: 0 | EY38: 1 | EZ38: 1 | FA38: 0 | FB38: 0 | FC38: 0 | FD38: 0 | FE38: 0 | FF38: 0 | FG38: =SUM(DZ38:FF38) -> 31 | FH38: 1 | FI38: 0 | FJ38: 1 | FK38: 0 | FL38: 0 | FM38: 0 | FN38: =SUM(FH38:FM38) -> 2 | FO38: =SUM(DK38,DY38,FG38,FN38) -> 46 | FP38: 7 | FQ38: 2 | FR38: 3 | FS38: 5 | FT38: 2 | FU38: 1 | FV38: 2 | FW38: 5 | FX38: =SUM(FQ38:FW38) -> 20 | FY38: 1 | FZ38: =IF($G38<=50,$FY38+0,IF(AND($G38<60,$G38>50),$FY38+1,IF(AND($G38<70,$G38>60),$FY38+2,IF(AND($G38<80,$G38>70),$FY38+3,IF(AND($G38<90,$G38>80),$FY38+4,IF($G38>=90,$FY38+5,"")))))) -> 4 | GA38: 0
A39: 38 | B39: 1 | C39: 1 | D39: 1 | E39: 23868 | F39: 44471 | G39: =DATEDIF(E39,F39,"M")/12 -> 56.333333 | H39: 39 | I39: =G39-H39 -> 17.333333 | J39: 0 | K39: 3 | L39: 1 | M39: 2 | N39: NA | O39: 3 | P39: 1 | Q39: 2 | R39: 1 | S39: 1 | T39: 1 | U39: 0 | V39: 1 | W39: 1 | X39: 3 | Y39: 0 | AA39: 0 | AC39: 1 | AD39: 5 | AE39: 0 | AF39: 0 | AG39: 0 | AH39: 1 | AI39: =AJ39*ledd!$B$2+AK39*ledd!$B$3+AL39*ledd!$B$4+AM39*ledd!$B$5+AN39*ledd!$B$6+AO39*ledd!$B$7+AP39*ledd!$B$8+AQ39*ledd!$B$9+AR39*ledd!$B$10+AS39*ledd!$B$11+AT39*ledd!$B$12+AU39*ledd!$B$13+AV39*ledd!$B$14+AW39*ledd!$B$15+AX39*ledd!$B$16 -> 591.5 | AJ39: 500 | AK39: 100 | AL39: 0 | AM39: 0 | AN39: 0 | AO39: 0 | AP39: 0 | AQ39: 0 | AR39: 0 | AS39: 0 | AT39: 0 | AU39: 0 | AV39: 0 | AW39: 0 | AX39: 50 | AY39: 4 | AZ39: 1 | BA39: 2 | BB39: 2 | BC39: 1 | BD39: 1 | BE39: 2 | BF39: 2 | BG39: 1 | BH39: 1 | BI39: 2 | BJ39: 0 | BK39: 2 | BL39: 2 | BM39: 2 | BN39: 2 | BO39: 2 | BP39: 3 | BQ39: 1 | BR39: 2 | BS39: 2 | BT39: 3 | BU39: 3 | BV39: 3 | BW39: 2 | BX39: 2 | BY39: 3 | BZ39: 2 | CA39: 1 | CB39: 2 | CC39: 1 | CD39: 3 | CE39: 3 | CF39: 2 | CG39: 2 | CH39: 2 | CI39: 2 | CJ39: 3 | CK39: 3 | CL39: 3 | CM39: =(SUM(AZ39:BI39)*100/40) -> 37.5 | CN39: =SUM(BJ39:BO39)*100/24 -> 41.666667 | CO39: =SUM(BP39:BU39)*100/24 -> 58.333333 | CP39: =SUM(BV39:BY39)*100/16 -> 62.5 | CQ39: =SUM(BZ39:CB39)*100/12 -> 41.666667 | CR39: =SUM(CC39:CF39)*100/16 -> 56.25 | CS39: =SUM(CG39:CI39)*100/12 -> 50 | CT39: =SUM(CJ39:CL39)*100/12 -> 75 | CU39: =SUM(CM39:CT39)/8 -> 52.864583 | CV39: 3 | CW39: 3 | CX39: 3 | CY39: 2 | CZ39: 3 | DA39: 3 | DB39: 0 | DC39: 2 | DD39: 1 | DE39: 1 | DF39: 2 | DG39: 1 | DH39: 0 | DI39: 3 | DJ39: 0 | DK39: =SUM(CV39:DA39,DC39:DI39) -> 27 | DL39: 3 | DM39: 3 | DN39: 1 | DO39: 0 | DP39: 1 | DQ39: 1 | DR39: 2 | DS39: 4 | DT39: 1 | DU39: 0 | DV39: 1 | DW39: 3 | DX39: 0 | DY39: =SUM(DL39:DX39) -> 20 | DZ39: 2 | EA39: 2 | EB39: 0 | EC39: 1 | ED39: 2 | EE39: 1 | EF39: 2 | EG39: 0 | EH39: 0 | EI39: 0 | EJ39: 0 | EK39: 0 | EL39: 2 | EM39: 0 | EN39: 3 | EO39: 0 | EP39: 0 | EQ39: 0 | ER39: 1 | ES39: 0 | ET39: 1 | EU39: 2 | EV39: 0 | EW39: 0 | EX39: 0 | EY39: 0 | EZ39: 0 | FA39: 0 | FB39: 0 | FC39: 0 | FD39: 0 | FE39: 0 | FF39: 0 | FG39: =SUM(DZ39:FF39) -> 19 | FH39: 1 | FI39: 0 | FJ39: 0 | FK39: 0 | FL39: 0 | FM39: 0 | FN39: =SUM(FH39:FM39) -> 1 | FO39: =SUM(DK39,DY39,FG39,FN39) -> 67 | FP39: 19 | FQ39: 5 | FR39: 3 | FS39: 6 | FT39: 2 | FU39: 2 | FV39: 2 | FW39: 6 | FX39: =SUM(FQ39:FW39) -> 26 | FY39: 0 | FZ39: =IF($G39<=50,$FY39+0,IF(AND($G39<60,$G39>50),$FY39+1,IF(AND($G39<70,$G39>60),$FY39+2,IF(AND($G39<80,$G39>70),$FY39+3,IF(AND($G39<90,$G39>80),$FY39+4,IF($G39>=90,$FY39+5,"")))))) -> 1 | GA39: 1
A40: 39 | B40: 1 | C40: 1 | D40: 1 | E40: 20678 | F40: 44483 | G40: =DATEDIF(E40,F40,"M")/12 -> 65.166667 | H40: 54 | I40: =G40-H40 -> 11.166667 | J40: 0 | K40: 0 | L40: 8 | M40: 0 | N40: 1 | O40: 0 | P40: 2 | Q40: 2 | R40: 1 | S40: 1 | T40: 1 | U40: 0 | V40: 1 | W40: 1 | X40: 2 | Y40: 2 | Z40: 6 | AA40: 2 | AB40: 6 | AC40: 0 | AD40: 0 | AE40: 1 | AF40: 0 | AG40: 0 | AH40: 0 | AI40: =AJ40*ledd!$B$2+AK40*ledd!$B$3+AL40*ledd!$B$4+AM40*ledd!$B$5+AN40*ledd!$B$6+AO40*ledd!$B$7+AP40*ledd!$B$8+AQ40*ledd!$B$9+AR40*ledd!$B$10+AS40*ledd!$B$11+AT40*ledd!$B$12+AU40*ledd!$B$13+AV40*ledd!$B$14+AW40*ledd!$B$15+AX40*ledd!$B$16 -> 431.5 | AJ40: 300 | AK40: 100 | AL40: 0 | AM40: 0 | AN40: 0 | AO40: 2 | AP40: 0 | AQ40: 0 | AR40: 0 | AS40: 0 | AT40: 0 | AU40: 0 | AV40: 0 | AW40: 0 | AX40: 50 | AY40: 2 | AZ40: 0 | BA40: 0 | BB40: 0 | BC40: 0 | BD40: 0 | BE40: 0 | BF40: 0 | BG40: 0 | BH40: 0 | BI40: 0 | BJ40: 0 | BK40: 0 | BL40: 0 | BM40: 0 | BN40: 0 | BO40: 0 | BP40: 2 | BQ40: 0 | BR40: 0 | BS40: 0 | BT40: 0 | BU40: 1 | BV40: 0 | BW40: 0 | BX40: 0 | BY40: 0 | BZ40: 0 | CA40: 0 | CB40: 0 | CC40: 0 | CD40: 1 | CE40: 0 | CF40: 3 | CG40: 0 | CH40: 0 | CI40: 0 | CJ40: 3 | CK40: 1 | CL40: 0 | CM40: =(SUM(AZ40:BI40)*100/40) -> 0 | CN40: =SUM(BJ40:BO40)*100/24 -> 0 | CO40: =SUM(BP40:BU40)*100/24 -> 12.5 | CP40: =SUM(BV40:BY40)*100/16 -> 0 | CQ40: =SUM(BZ40:CB40)*100/12 -> 0 | CR40: =SUM(CC40:CF40)*100/16 -> 25 | CS40: =SUM(CG40:CI40)*100/12 -> 0 | CT40: =SUM(CJ40:CL40)*100/12 -> 33.333333 | CU40: =SUM(CM40:CT40)/8 -> 8.8541667 | CV40: 1 | CW40: 0 | CX40: 1 | CY40: 0 | CZ40: 0 | DA40: 0 | DB40: 0 | DC40: 0 | DD40: 0 | DE40: 2 | DF40: 3 | DG40: 0 | DH40: 0 | DI40: 0 | DJ40: 0 | DK40: =SUM(CV40:DA40,DC40:DI40) -> 7 | DL40: 1 | DM40: 1 | DN40: 0 | DO40: 0 | DP40: 0 | DQ40: 0 | DR40: 0 | DS40: 0 | DT40: 0 | DU40: 1 | DV40: 0 | DW40: 0 | DX40: 0 | DY40: =SUM(DL40:DX40) -> 3 | DZ40: 0 | EA40: 0 | EB40: 1 | EC40: 2 | ED40: 0 | EE40: 0 | EF40: 2 | EG40: 0 | EH40: 0 | EI40: 1 | EJ40: 1 | EK40: 1 | EL40: 2 | EM40: 0 | EN40: 1 | EO40: 2 | EP40: 3 | EQ40: 0 | ER40: 0 | ES40: 0 | ET40: 1 | EU40: 0 | EV40: 0 | EW40: 0 | EX40: 0 | EY40: 0 | EZ40: 0 | FA40: 0 | FB40: 0 | FC40: 0 | FD40: 0 | FE40: 0 | FF40: 0 | FG40: =SUM(DZ40:FF40) -> 17 | FH40: 0 | FI40: 0 | FJ40: 0 | FK40: 0 | FL40: 0 | FM40: 0 | FN40: =SUM(FH40:FM40) -> 0 | FO40: =SUM(DK40,DY40,FG40,FN40) -> 27 | FP40: 6 | FQ40: 5 | FR40: 3 | FS40: 6 | FT40: 3 | FU40: 2 | FV40: 3 | FW40: 6 | FX40: =SUM(FQ40:FW40) -> 28 | FY40: 0 | FZ40: =IF($G40<=50,$FY40+0,IF(AND($G40<60,$G40>50),$FY40+1,IF(AND($G40<70,$G40>60),$FY40+2,IF(AND($G40<80,$G40>70),$FY40+3,IF(AND($G40<90,$G40>80),$FY40+4,IF($G40>=90,$FY40+5,"")))))) -> 2 | GA40: 1
A41: 40 | B41: 1 | C41: 1 | D41: 1 | E41: 19592 | F41: 44490 | G41: =DATEDIF(E41,F41,"M")/12 -> 68.166667 | H41: 59 | I41: =G41-H41 -> 9.1666667 | J41: 0 | K41: 1 | L41: 0 | M41: 0 | N41: 3 | O41: 0 | P41: 1 | Q41: 4 | R41: 2 | S41: 1 | T41: 1 | U41: 0 | V41: 1 | W41: 1 | X41: 2 | Y41: 1 | Z41: 0 | AA41: 4 | AC41: 0 | AD41: 0 | AE41: 0 | AF41: 0 | AG41: 0 | AH41: 0 | AI41: =AJ41*ledd!$B$2+AK41*ledd!$B$3+AL41*ledd!$B$4+AM41*ledd!$B$5+AN41*ledd!$B$6+AO41*ledd!$B$7+AP41*ledd!$B$8+AQ41*ledd!$B$9+AR41*ledd!$B$10+AS41*ledd!$B$11+AT41*ledd!$B$12+AU41*ledd!$B$13+AV41*ledd!$B$14+AW41*ledd!$B$15+AX41*ledd!$B$16 -> 1016.5 | AJ41: 725 | AK41: 100 | AL41: 0 | AM41: 0 | AN41: 0 | AO41: 10 | AP41: 0 | AQ41: 0 | AR41: 0 | AS41: 0 | AT41: 0 | AU41: 0 | AV41: 0 | AW41: 0 | AX41: 50 | AY41: 3 | AZ41: 0 | BA41: 1 | BB41: 0 | BC41: 0 | BD41: 0 | BE41: 2 | BF41: 2 | BG41: 2 | BH41: 2 | BI41: 1 | BJ41: 0 | BK41: 2 | BL41: 2 | BM41: 3 | BN41: 0 | BO41: 1 | BP41: 1 | BQ41: 0 | BR41: 1 | BS41: 0 | BT41: 1 | BU41: 1 | BV41: 0 | BW41: 0 | BX41: 0 | BY41: 0 | BZ41: 0 | CA41: 1 | CB41: 1 | CC41: 1 | CD41: 2 | CE41: 2 | CF41: 1 | CG41: 1 | CH41: 1 | CI41: 0 | CJ41: 3 | CK41: 3 | CL41: 0 | CM41: =(SUM(AZ41:BI41)*100/40) -> 25 | CN41: =SUM(BJ41:BO41)*100/24 -> 33.333333 | CO41: =SUM(BP41:BU41)*100/24 -> 16.666667 | CP41: =SUM(BV41:BY41)*100/16 -> 0 | CQ41: =SUM(BZ41:CB41)*100/12 -> 16.666667 | CR41: =SUM(CC41:CF41)*100/16 -> 37.5 | CS41: =SUM(CG41:CI41)*100/12 -> 16.666667 | CT41: =SUM(CJ41:CL41)*100/12 -> 50 | CU41: =SUM(CM41:CT41)/8 -> 24.479167 | CV41: 0 | CW41: 1 | CX41: 0 | CY41: 0 | CZ41: 0 | DA41: 0 | DB41: 0 | DC41: 3 | DD41: 0 | DE41: 2 | DF41: 3 | DG41: 0 | DH41: 2 | DI41: 0 | DJ41: 0 | DK41: =SUM(CV41:DA41,DC41:DI41) -> 11 | DL41: 0 | DM41: 2 | DN41: 0 | DO41: 0 | DP41: 2 | DQ41: 0 | DR41: 2 | DS41: 2 | DT41: 0 | DU41: 0 | DV41: 0 | DW41: 0 | DX41: 3 | DY41: =SUM(DL41:DX41) -> 11 | DZ41: 0 | EA41: 2 | EB41: 0 | EC41: 0 | ED41: 0 | EE41: 0 | EF41: 0 | EG41: 0 | EH41: 0 | EI41: 0 | EJ41: 1 | EK41: 0 | EL41: 1 | EM41: 1 | EN41: 2 | EO41: 1 | EP41: 1 | EQ41: 0 | ER41: 1 | ES41: 1 | ET41: 0 | EU41: 2 | EV41: 1 | EW41: 0 | EX41: 1 | EY41: 0 | EZ41: 1 | FA41: 0 | FB41: 1 | FC41: 0 | FD41: 1 | FE41: 1 | FF41: 1 | FG41: =SUM(DZ41:FF41) -> 20 | FH41: 0 | FI41: 0 | FJ41: 1 | FK41: 1 | FL41: 3 | FM41: 0 | FN41: =SUM(FH41:FM41) -> 5 | FO41: =SUM(DK41,DY41,FG41,FN41) -> 47 | FP41: 7 | FQ41: 4 | FR41: 3 | FS41: 6 | FT41: 3 | FU41: 2 | FV41: 4 | FW41: 6 | FX41: =SUM(FQ41:FW41) -> 28 | FY41: 0 | FZ41: =IF($G41<=50,$FY41+0,IF(AND($G41<60,$G41>50),$FY41+1,IF(AND($G41<70,$G41>60),$FY41+2,IF(AND($G41<80,$G41>70),$FY41+3,IF(AND($G41<90,$G41>80),$FY41+4,IF($G41>=90,$FY41+5,"")))))) -> 2 | GA41: 0
A42: 41 | B42: 1 | C42: 1 | D42: 1 | E42: 15966 | F42: 44494 | G42: =DATEDIF(E42,F42,"M")/12 -> 78.083333 | H42: 71 | I42: =G42-H42 -> 7.0833333 | J42: 0 | K42: 1 | L42: 0 | M42: 0 | N42: 2 | O42: 1 | P42: 1 | Q42: 4 | R42: 3 | S42: 1 | T42: 0 | U42: 0 | V42: 1 | W42: 1 | X42: 0 | Y42: 0 | AA42: 0 | AC42: 0 | AD42: 0 | AE42: 0 | AF42: 0 | AG42: 0 | AH42: 2 | AI42: =AJ42*ledd!$B$2+AK42*ledd!$B$3+AL42*ledd!$B$4+AM42*ledd!$B$5+AN42*ledd!$B$6+AO42*ledd!$B$7+AP42*ledd!$B$8+AQ42*ledd!$B$9+AR42*ledd!$B$10+AS42*ledd!$B$11+AT42*ledd!$B$12+AU42*ledd!$B$13+AV42*ledd!$B$14+AW42*ledd!$B$15+AX42*ledd!$B$16 -> 400 | AJ42: 300 | AK42: 0 | AL42: 0 | AM42: 0 | AN42: 0 | AO42: 0 | AP42: 0 | AQ42: 0 | AR42: 0 | AS42: 1 | AT42: 0 | AU42: 0 | AV42: 0 | AW42: 0 | AX42: 0 | AY42: 3 | AZ42: 1 | BA42: 0 | BB42: 3 | BC42: 0 | BD42: 0 | BE42: 0 | BF42: 0 | BG42: 0 | BH42: 0 | BI42: 2 | BJ42: 2 | BK42: 2 | BL42: 2 | BM42: 2 | BN42: 0 | BO42: 0 | BP42: 1 | BQ42: 1 | BR42: 2 | BS42: 0 | BT42: 0 | BU42: 0 | BV42: 0 | BW42: 0 | BX42: 0 | BY42: 0 | BZ42: 0 | CA42: 0 | CB42: 1 | CC42: 2 | CD42: 2 | CE42: 2 | CF42: 1 | CG42: 1 | CH42: 0 | CI42: 0 | CJ42: 0 | CK42: 0 | CL42: 0 | CM42: =(SUM(AZ42:BI42)*100/40) -> 15 | CN42: =SUM(BJ42:BO42)*100/24 -> 33.333333 | CO42: =SUM(BP42:BU42)*100/24 -> 16.666667 | CP42: =SUM(BV42:BY42)*100/16 -> 0 | CQ42: =SUM(BZ42:CB42)*100/12 -> 8.3333333 | CR42: =SUM(CC42:CF42)*100/16 -> 43.75 | CS42: =SUM(CG42:CI42)*100/12 -> 8.3333333 | CT42: =SUM(CJ42:CL42)*100/12 -> 0 | CU42: =SUM(CM42:CT42)/8 -> 15.677083 | CV42: 0 | CW42: 1 | CX42: 1 | CY42: 0 | CZ42: 2 | DA42: 0 | DB42: 0 | DC42: 0 | DD42: 2 | DE42: 0 | DF42: 1 | DG42: 1 | DH42: 0 | DI42: 1 | DJ42: 0 | DK42: =SUM(CV42:DA42,DC42:DI42) -> 9 | DL42: 1 | DM42: 0 | DN42: 1 | DO42: 0 | DP42: 1 | DQ42: 1 | DR42: 2 | DS42: 0 | DT42: 0 | DU42: 1 | DV42: 2 | DW42: 2 | DX42: 4 | DY42: =SUM(DL42:DX42) -> 15 | DZ42: 1 | EA42: 2 | EB42: 0 | EC42: 0 | ED42: 0 | EE42: 0 | EF42: 0 | EG42: 0 | EH42: 0 | EI42: 0 | EJ42: 0 | EK42: 0 | EL42: 0 | EM42: 0 | EN42: 0 | EO42: 2 | EP42: 1 | EQ42: 3 | ER42: 2 | ES42: 3 | ET42: 1 | EU42: 2 | EV42: 2 | EW42: 1 | EX42: 1 | EY42: 1 | EZ42: 1 | FA42: 1 | FB42: 1 | FC42: 0 | FD42: 0 | FE42: 0 | FF42: 1 | FG42: =SUM(DZ42:FF42) -> 26 | FH42: 0 | FI42: 0 | FJ42: 2 | FK42: 2 | FL42: 2 | FM42: 0 | FN42: =SUM(FH42:FM42) -> 6 | FO42: =SUM(DK42,DY42,FG42,FN42) -> 56 | FP42: 8 | FQ42: 3 | FR42: 3 | FS42: 6 | FT42: 2 | FU42: 2 | FV42: 1 | FW42: 6 | FX42: =SUM(FQ42:FW42) -> 23 | FY42: 2 | FZ42: =IF($G42<=50,$FY42+0,IF(AND($G42<60,$G42>50),$FY42+1,IF(AND($G42<70,$G42>60),$FY42+2,IF(AND($G42<80,$G42>70),$FY42+3,IF(AND($G42<90,$G42>80),$FY42+4,IF($G42>=90,$FY42+5,"")))))) -> 5 | GA42: 0
A43: 42 | B43: 1 | C43: 1 | D43: 1 | E43: 21028 | F43: 44509 | G43: =DATEDIF(E43,F43,"M")/12 -> 64.25 | H43: 52 | I43: =G43-H43 -> 12.25 | J43: 0 | K43: 1 | L43: 8 | M43: 0 | N43: 4 | O43: 1 | P43: 1 | Q43: 4 | R43: 3 | S43: 0 | T43: 0 | U43: 0 | V43: 1 | W43: 1 | X43: 0 | Y43: 0 | AA43: 0 | AC43: 1 | AD43: 4 | AE43: 0 | AF43: 0 | AG43: 0 | AH43: 0 | AI43: =AJ43*ledd!$B$2+AK43*ledd!$B$3+AL43*ledd!$B$4+AM43*ledd!$B$5+AN43*ledd!$B$6+AO43*ledd!$B$7+AP43*ledd!$B$8+AQ43*ledd!$B$9+AR43*ledd!$B$10+AS43*ledd!$B$11+AT43*ledd!$B$12+AU43*ledd!$B$13+AV43*ledd!$B$14+AW43*ledd!$B$15+AX43*ledd!$B$16 -> 416 | AJ43: 200 | AK43: 200 | AL43: 200 | AM43: 0 | AN43: 0 | AO43: 0 | AP43: 0 | AQ43: 0 | AR43: 0 | AS43: 0 | AT43: 0 | AU43: 0 | AV43: 0 | AW43: 0 | AX43: 0 | AY43: 4 | AZ43: 2 | BA43: 2 | BB43: 0 | BC43: 1 | BD43: 0 | BE43: 0 | BF43: 0 | BG43: 0 | BH43: 1 | BI43: 3 | BJ43: 0 | BK43: 0 | BL43: 0 | BM43: 3 | BN43: 0 | BO43: 0 | BP43: 2 | BQ43: 1 | BR43: 2 | BS43: 1 | BT43: 1 | BU43: 2 | BV43: 0 | BW43: 0 | BX43: 0 | BY43: 0 | BZ43: 0 | CA43: 1 | CB43: 3 | CC43: 2 | CD43: 1 | CE43: 2 | CF43: 0 | CG43: 2 | CH43: 2 | CI43: 1 | CJ43: 0 | CK43: 1 | CL43: 0 | CM43: =(SUM(AZ43:BI43)*100/40) -> 22.5 | CN43: =SUM(BJ43:BO43)*100/24 -> 12.5 | CO43: =SUM(BP43:BU43)*100/24 -> 37.5 | CP43: =SUM(BV43:BY43)*100/16 -> 0 | CQ43: =SUM(BZ43:CB43)*100/12 -> 33.333333 | CR43: =SUM(CC43:CF43)*100/16 -> 31.25 | CS43: =SUM(CG43:CI43)*100/12 -> 41.666667 | CT43: =SUM(CJ43:CL43)*100/12 -> 8.3333333 | CU43: =SUM(CM43:CT43)/8 -> 23.385417 | CV43: 1 | CW43: 0 | CX43: 1 | CY43: 1 | CZ43: 0 | DA43: 0 | DB43: 0 | DC43: 1 | DD43: 0 | DE43: 1 | DF43: 1 | DG43: 1 | DH43: 0 | DI43: 0 | DJ43: 0 | DK43: =SUM(CV43:DA43,DC43:DI43) -> 7 | DL43: 2 | DM43: 1 | DN43: 0 | DO43: 0 | DP43: 0 | DQ43: 0 | DR43: 1 | DS43: 2 | DT43: 0 | DU43: 1 | DV43: 2 | DW43: 1 | DX43: 2 | DY43: =SUM(DL43:DX43) -> 12 | DZ43: 3 | EA43: 1 | EB43: 0 | EC43: 1 | ED43: 0 | EE43: 0 | EF43: 0 | EG43: 0 | EH43: 1 | EI43: 1 | EJ43: 0 | EK43: 2 | EL43: 2 | EM43: 2 | EN43: 1 | EO43: 1 | EP43: 1 | EQ43: 0 | ER43: 1 | ES43: 0 | ET43: 0 | EU43: 1 | EV43: 1 | EW43: 1 | EX43: 1 | EY43: 0 | EZ43: 0 | FA43: 1 | FB43: 1 | FC43: 0 | FD43: 0 | FE43: 0 | FF43: 1 | FG43: =SUM(DZ43:FF43) -> 24 | FH43: 0 | FI43: 0 | FJ43: 0 | FK43: 0 | FL43: 0 | FM43: 0 | FN43: =SUM(FH43:FM43) -> 0 | FO43: =SUM(DK43,DY43,FG43,FN43) -> 43 | FP43: 8 | FQ43: 5 | FR43: 3 | FS43: 6 | FT43: 3 | FU43: 2 | FV43: 0 | FW43: 6 | FX43: =SUM(FQ43:FW43) -> 25 | FY43: 1 | FZ43: =IF($G43<=50,$FY43+0,IF(AND($G43<60,$G43>50),$FY43+1,IF(AND($G43<70,$G43>60),$FY43+2,IF(AND($G43<80,$G43>70),$FY43+3,IF(AND($G43<90,$G43>80),$FY43+4,IF($G43>=90,$FY43+5,"")))))) -> 3 | GA43: 1
A44: 43 | B44: 1 | C44: 1 | D44: 1 | E44: 20110 | F44: 44503 | G44: =DATEDIF(E44,F44,"M")/12 -> 66.75 | H44: 50 | I44: =G44-H44 -> 16.75 | J44: 0 | K44: 1 | L44: 1 | M44: 0 | N44: 3 | O44: 1 | P44: 3 | Q44: 2 | R44: 1 | S44: 1 | T44: 1 | U44: 0 | V44: 1 | W44: 1 | X44: 2 | Y44: 2 | Z44: 1 | AA44: 1 | AB44: 1 | AC44: 0 | AD44: 0 | AE44: 1 | AF44: 0 | AG44: 0 | AH44: 0 | AI44: =AJ44*ledd!$B$2+AK44*ledd!$B$3+AL44*ledd!$B$4+AM44*ledd!$B$5+AN44*ledd!$B$6+AO44*ledd!$B$7+AP44*ledd!$B$8+AQ44*ledd!$B$9+AR44*ledd!$B$10+AS44*ledd!$B$11+AT44*ledd!$B$12+AU44*ledd!$B$13+AV44*ledd!$B$14+AW44*ledd!$B$15+AX44*ledd!$B$16 -> 2250 | AJ44: 1750 | AK44: 200 | AL44: 0 | AM44: 400 | AN44: 0 | AO44: 0 | AP44: 0 | AQ44: 0 | AR44: 0 | AS44: 0 | AT44: 0 | AU44: 0 | AV44: 150 | AW44: 0 | AX44: 0 | AY44: 3 | AZ44: 3 | BA44: 3 | BB44: 4 | BC44: 4 | BD44: 3 | BE44: 4 | BF44: 1 | BG44: 3 | BH44: 2 | BI44: 3 | BJ44: 3 | BK44: 4 | BL44: 4 | BM44: 4 | BN44: 2 | BO44: 2 | BP44: 3 | BQ44: 3 | BR44: 2 | BS44: 2 | BT44: 2 | BU44: 3 | BV44: 0 | BW44: 0 | BX44: 2 | BY44: 0 | BZ44: 2 | CA44: 0 | CB44: 2 | CC44: 3 | CD44: 3 | CE44: 3 | CF44: 3 | CG44: 2 | CH44: 2 | CI44: 1 | CJ44: 1 | CK44: 4 | CL44: 1 | CM44: =(SUM(AZ44:BI44)*100/40) -> 75 | CN44: =SUM(BJ44:BO44)*100/24 -> 79.166667 | CO44: =SUM(BP44:BU44)*100/24 -> 62.5 | CP44: =SUM(BV44:BY44)*100/16 -> 12.5 | CQ44: =SUM(BZ44:CB44)*100/12 -> 33.333333 | CR44: =SUM(CC44:CF44)*100/16 -> 75 | CS44: =SUM(CG44:CI44)*100/12 -> 41.666667 | CT44: =SUM(CJ44:CL44)*100/12 -> 50 | CU44: =SUM(CM44:CT44)/8 -> 53.645833 | CV44: 3 | CW44: 2 | CX44: 1 | CY44: 2 | CZ44: 0 | DA44: 0 | DB44: 0 | DC44: 0 | DD44: 3 | DE44: 3 | DF44: 2 | DG44: 2 | DH44: 0 | DI44: 1 | DJ44: 0 | DK44: =SUM(CV44:DA44,DC44:DI44) -> 19 | DL44: 1 | DM44: 3 | DN44: 2 | DO44: 0 | DP44: 4 | DQ44: 4 | DR44: 3 | DS44: 2 | DT44: 4 | DU44: 0 | DV44: 3 | DW44: 3 | DX44: 3 | DY44: =SUM(DL44:DX44) -> 32 | DZ44: 0 | EA44: 3 | EB44: 0 | EC44: 0 | ED44: 3 | EE44: 0 | EF44: 0 | EG44: 0 | EH44: 1 | EI44: 0 | EJ44: 1 | EK44: 1 | EL44: 2 | EM44: 2 | EN44: 3 | EO44: 2 | EP44: 3 | EQ44: 4 | ER44: 3 | ES44: 2 | ET44: 4 | EU44: 4 | EV44: 3 | EW44: 0 | EX44: 0 | EY44: 0 | EZ44: 0 | FA44: 0 | FB44: 0 | FC44: 0 | FD44: 0 | FE44: 0 | FF44: 0 | FG44: =SUM(DZ44:FF44) -> 41 | FH44: 1 | FI44: 0 | FJ44: 2 | FK44: 4 | FL44: 2 | FM44: 3 | FN44: =SUM(FH44:FM44) -> 12 | FO44: =SUM(DK44,DY44,FG44,FN44) -> 104 | FP44: 19 | FQ44: 3 | FR44: 3 | FS44: 4 | FT44: 1 | FU44: 2 | FV44: 1 | FW44: 6 | FX44: =SUM(FQ44:FW44) -> 20 | FY44: 0 | FZ44: =IF($G44<=50,$FY44+0,IF(AND($G44<60,$G44>50),$FY44+1,IF(AND($G44<70,$G44>60),$FY44+2,IF(AND($G44<80,$G44>70),$FY44+3,IF(AND($G44<90,$G44>80),$FY44+4,IF($G44>=90,$FY44+5,"")))))) -> 2 | GA44: 0
A45: 44 | B45: 1 | C45: 1 | D45: 1 | E45: 19901 | F45: 44509 | G45: =DATEDIF(E45,F45,"M")/12 -> 67.333333 | H45: 51 | I45: =G45-H45 -> 16.333333 | J45: 0 | K45: 1 | L45: 0 | M45: 0 | N45: 2 | O45: 1 | P45: 2 | Q45: 4 | R45: 3 | S45: 1 | T45: 1 | U45: 0 | V45: 1 | W45: 1 | X45: 0 | Y45: 0 | AA45: 0 | AC45: 6 | AD45: 0 | AE45: 0 | AF45: 0 | AG45: 0 | AH45: 0 | AI45: =AJ45*ledd!$B$2+AK45*ledd!$B$3+AL45*ledd!$B$4+AM45*ledd!$B$5+AN45*ledd!$B$6+AO45*ledd!$B$7+AP45*ledd!$B$8+AQ45*ledd!$B$9+AR45*ledd!$B$10+AS45*ledd!$B$11+AT45*ledd!$B$12+AU45*ledd!$B$13+AV45*ledd!$B$14+AW45*ledd!$B$15+AX45*ledd!$B$16 -> 1191.5 | AJ45: 675 | AK45: 0 | AL45: 0 | AM45: 0 | AN45: 0 | AO45: 20 | AP45: 0 | AQ45: 0 | AR45: 0 | AS45: 0 | AT45: 0 | AU45: 0 | AV45: 0 | AW45: 100 | AX45: 50 | AY45: 2 | AZ45: 2 | BA45: 0 | BB45: 2 | BC45: 0 | BD45: 0 | BE45: 0 | BF45: 1 | BG45: 1 | BH45: 2 | BI45: 2 | BJ45: 0 | BK45: 0 | BL45: 0 | BM45: 3 | BN45: 0 | BO45: 0 | BP45: 1 | BQ45: 0 | BR45: 1 | BS45: 1 | BT45: 0 | BU45: 2 | BV45: 0 | BW45: 0 | BX45: 0 | BY45: 0 | BZ45: 0 | CA45: 0 | CB45: 0 | CC45: 2 | CD45: 2 | CE45: 1 | CF45: 1 | CG45: 3 | CH45: 1 | CI45: 0 | CJ45: 3 | CK45: 0 | CL45: 0 | CM45: =(SUM(AZ45:BI45)*100/40) -> 25 | CN45: =SUM(BJ45:BO45)*100/24 -> 12.5 | CO45: =SUM(BP45:BU45)*100/24 -> 20.833333 | CP45: =SUM(BV45:BY45)*100/16 -> 0 | CQ45: =SUM(BZ45:CB45)*100/12 -> 0 | CR45: =SUM(CC45:CF45)*100/16 -> 37.5 | CS45: =SUM(CG45:CI45)*100/12 -> 33.333333 | CT45: =SUM(CJ45:CL45)*100/12 -> 25 | CU45: =SUM(CM45:CT45)/8 -> 19.270833 | CV45: 0 | CW45: 0 | CX45: 0 | CY45: 0 | CZ45: 0 | DA45: 0 | DB45: 0 | DC45: 1 | DD45: 1 | DE45: 0 | DF45: 0 | DG45: 0 | DH45: 0 | DI45: 0 | DJ45: 0 | DK45: =SUM(CV45:DA45,DC45:DI45) -> 2 | DL45: 2 | DM45: 0 | DN45: 0 | DO45: 0 | DP45: 0 | DQ45: 0 | DR45: 2 | DS45: 2 | DT45: 0 | DU45: 0 | DV45: 1 | DW45: 2 | DX45: 3 | DY45: =SUM(DL45:DX45) -> 12 | DZ45: 4 | EA45: 1 | EB45: 0 | EC45: 2 | ED45: 2 | EE45: 2 | EF45: 3 | EG45: 1 | EH45: 2 | EI45: 0 | EJ45: 1 | EK45: 0 | EL45: 0 | EM45: 1 | EN45: 2 | EO45: 0 | EP45: 1 | EQ45: 0 | ER45: 1 | ES45: 0 | ET45: 0 | EU45: 1 | EV45: 0 | EW45: 0 | EX45: 0 | EY45: 0 | EZ45: 1 | FA45: 0 | FB45: 0 | FC45: 0 | FD45: 0 | FE45: 0 | FF45: 0 | FG45: =SUM(DZ45:FF45) -> 25 | FH45: 1 | FI45: 1 | FJ45: 2 | FK45: 1 | FL45: 4 | FM45: 0 | FN45: =SUM(FH45:FM45) -> 9 | FO45: =SUM(DK45,DY45,FG45,FN45) -> 48 | FP45: 6 | FQ45: 2 | FR45: 3 | FS45: 6 | FT45: 3 | FU45: 2 | FV45: 0 | FW45: 6 | FX45: =SUM(FQ45:FW45) -> 22 | FY45: 0 | FZ45: =IF($G45<=50,$FY45+0,IF(AND($G45<60,$G45>50),$FY45+1,IF(AND($G45<70,$G45>60),$FY45+2,IF(AND($G45<80,$G45>70),$FY45+3,IF(AND($G45<90,$G45>80),$FY45+4,IF($G45>=90,$FY45+5,"")))))) -> 2 | GA45: 0
A46: 45 | B46: 1 | C46: 1 | D46: 1 | E46: 21760 | F46: 44515 | G46: =DATEDIF(E46,F46,"M")/12 -> 62.25 | H46: 53 | I46: =G46-H46 -> 9.25 | J46: 0 | K46: 1 | L46: 0 | M46: 0 | N46: 3 | O46: 1 | P46: 0 | Q46: 2 | R46: 1 | S46: 0 | T46: 1 | U46: 0 | V46: 1 | W46: 1 | X46: 0 | Y46: 0 | AA46: 0 | AC46: 0 | AD46: 1 | AE46: 0 | AF46: 0 | AG46: 0 | AH46: 0 | AI46: =AJ46*ledd!$B$2+AK46*ledd!$B$3+AL46*ledd!$B$4+AM46*ledd!$B$5+AN46*ledd!$B$6+AO46*ledd!$B$7+AP46*ledd!$B$8+AQ46*ledd!$B$9+AR46*ledd!$B$10+AS46*ledd!$B$11+AT46*ledd!$B$12+AU46*ledd!$B$13+AV46*ledd!$B$14+AW46*ledd!$B$15+AX46*ledd!$B$16 -> 551.5 | AJ46: 375 | AK46: 0 | AL46: 0 | AM46: 0 | AN46: 0 | AO46: 8 | AP46: 0 | AQ46: 0 | AR46: 0 | AS46: 0 | AT46: 0 | AU46: 0 | AV46: 0 | AW46: 0 | AX46: 50 | AY46: 2 | AZ46: 2 | BA46: 2 | BB46: 1 | BC46: 2 | BD46: 1 | BE46: 1 | BF46: 1 | BG46: 1 | BH46: 0 | BI46: 2 | BJ46: 0 | BK46: 0 | BL46: 0 | BM46: 1 | BN46: 0 | BO46: 1 | BP46: 2 | BQ46: 1 | BR46: 1 | BS46: 1 | BT46: 0 | BU46: 2 | BV46: 0 | BW46: 0 | BX46: 0 | BY46: 0 | BZ46: 2 | CA46: 0 | CB46: 0 | CC46: 0 | CD46: 2 | CE46: 2 | CF46: 2 | CG46: 1 | CH46: 2 | CI46: 2 | CJ46: 2 | CK46: 2 | CL46: 2 | CM46: =(SUM(AZ46:BI46)*100/40) -> 32.5 | CN46: =SUM(BJ46:BO46)*100/24 -> 8.3333333 | CO46: =SUM(BP46:BU46)*100/24 -> 29.166667 | CP46: =SUM(BV46:BY46)*100/16 -> 0 | CQ46: =SUM(BZ46:CB46)*100/12 -> 16.666667 | CR46: =SUM(CC46:CF46)*100/16 -> 37.5 | CS46: =SUM(CG46:CI46)*100/12 -> 41.666667 | CT46: =SUM(CJ46:CL46)*100/12 -> 50 | CU46: =SUM(CM46:CT46)/8 -> 26.979167 | CV46: 1 | CW46: 2 | CX46: 0 | CY46: 0 | CZ46: 0 | DA46: 0 | DB46: 0 | DC46: 0 | DD46: 0 | DE46: 2 | DF46: 1 | DG46: 2 | DH46: 1 | DI46: 2 | DJ46: 0 | DK46: =SUM(CV46:DA46,DC46:DI46) -> 11 | DL46: 0 | DM46: 0 | DN46: 0 | DO46: 1 | DP46: 1 | DQ46: 1 | DR46: 2 | DS46: 0 | DT46: 1 | DU46: 2 | DV46: 0 | DW46: 2 | DX46: 2 | DY46: =SUM(DL46:DX46) -> 12 | DZ46: 1 | EA46: 2 | EB46: 0 | EC46: 0 | ED46: 0 | EE46: 0 | EF46: 0 | EG46: 0 | EH46: 0 | EI46: 0 | EJ46: 1 | EK46: 2 | EL46: 1 | EM46: 2 | EN46: 2 | EO46: 1 | EP46: 1 | EQ46: 0 | ER46: 1 | ES46: 1 | ET46: 0 | EU46: 0 | EV46: 1 | EW46: 0 | EX46: 0 | EY46: 0 | EZ46: 0 | FA46: 0 | FB46: 0 | FC46: 0 | FD46: 0 | FE46: 0 | FF46: 0 | FG46: =SUM(DZ46:FF46) -> 16 | FH46: 2 | FI46: 2 | FJ46: 0 | FK46: 0 | FL46: 0 | FM46: 0 | FN46: =SUM(FH46:FM46) -> 4 | FO46: =SUM(DK46,DY46,FG46,FN46) -> 43 | FP46: 8 | FQ46: 4 | FR46: 3 | FS46: 6 | FT46: 3 | FU46: 1 | FV46: 3 | FW46: 6 | FX46: =SUM(FQ46:FW46) -> 26 | FY46: 0 | FZ46: =IF($G46<=50,$FY46+0,IF(AND($G46<60,$G46>50),$FY46+1,IF(AND($G46<70,$G46>60),$FY46+2,IF(AND($G46<80,$G46>70),$FY46+3,IF(AND($G46<90,$G46>80),$FY46+4,IF($G46>=90,$FY46+5,"")))))) -> 2 | GA46: 1
A47: 46 | B47: 1 | C47: 1 | D47: 0 | E47: 17446 | F47: 44515 | G47: =DATEDIF(E47,F47,"M")/12 -> 74.083333 | H47: 72 | I47: =G47-H47 -> 2.0833333 | J47: 6 | K47: 5 | L47: 8 | M47: 0 | N47: 1 | O47: 0 | P47: 1 | Q47: 2 | R47: 1 | S47: 0 | T47: 0 | U47: 0 | V47: 1 | W47: 1 | X47: 2 | Y47: 2 | Z47: 1 | AA47: 2 | AB47: 1 | AC47: 1 | AD47: 1 | AE47: 1 | AF47: 0 | AG47: 0 | AH47: 0 | AI47: =AJ47*ledd!$B$2+AK47*ledd!$B$3+AL47*ledd!$B$4+AM47*ledd!$B$5+AN47*ledd!$B$6+AO47*ledd!$B$7+AP47*ledd!$B$8+AQ47*ledd!$B$9+AR47*ledd!$B$10+AS47*ledd!$B$11+AT47*ledd!$B$12+AU47*ledd!$B$13+AV47*ledd!$B$14+AW47*ledd!$B$15+AX47*ledd!$B$16 -> 540 | AJ47: 300 | AK47: 0 | AL47: 0 | AM47: 0 | AN47: 0 | AO47: 12 | AP47: 0 | AQ47: 0 | AR47: 0 | AS47: 0 | AT47: 0 | AU47: 0 | AV47: 0 | AW47: 0 | AX47: 0 | AY47: 2 | AZ47: 0 | BA47: 0 | BB47: 0 | BC47: 4 | BD47: 2 | BE47: 3 | BF47: 2 | BG47: 0 | BH47: 0 | BI47: 0 | BJ47: 0 | BK47: 0 | BL47: 0 | BM47: 0 | BN47: 0 | BO47: 0 | BP47: 0 | BQ47: 0 | BR47: 0 | BS47: 0 | BT47: 0 | BU47: 0 | BV47: 0 | BW47: 0 | BX47: 0 | BY47: 0 | BZ47: 0 | CA47: 0 | CB47: 0 | CC47: 0 | CD47: 0 | CE47: 1 | CF47: 0 | CG47: 0 | CH47: 0 | CI47: 0 | CJ47: 1 | CK47: 0 | CL47: 0 | CM47: =(SUM(AZ47:BI47)*100/40) -> 27.5 | CN47: =SUM(BJ47:BO47)*100/24 -> 0 | CO47: =SUM(BP47:BU47)*100/24 -> 0 | CP47: =SUM(BV47:BY47)*100/16 -> 0 | CQ47: =SUM(BZ47:CB47)*100/12 -> 0 | CR47: =SUM(CC47:CF47)*100/16 -> 6.25 | CS47: =SUM(CG47:CI47)*100/12 -> 0 | CT47: =SUM(CJ47:CL47)*100/12 -> 8.3333333 | CU47: =SUM(CM47:CT47)/8 -> 5.2604167 | CV47: 0 | CW47: 0 | CX47: 0 | CY47: 0 | CZ47: 0 | DA47: 0 | DB47: 0 | DC47: 0 | DD47: 1 | DE47: 1 | DF47: 0 | DG47: 0 | DH47: 0 | DI47: 0 | DJ47: 0 | DK47: =SUM(CV47:DA47,DC47:DI47) -> 2 | DL47: 0 | DM47: 0 | DN47: 0 | DO47: 0 | DP47: 0 | DQ47: 0 | DR47: 1 | DS47: 0 | DT47: 0 | DU47: 0 | DV47: 1 | DW47: 0 | DX47: 2 | DY47: =SUM(DL47:DX47) -> 4 | DZ47: 0 | EA47: 0 | EB47: 0 | EC47: 0 | ED47: 0 | EE47: 0 | EF47: 0 | EG47: 0 | EH47: 0 | EI47: 0 | EJ47: 0 | EK47: 0 | EL47: 0 | EM47: 0 | EN47: 0 | EO47: 0 | EP47: 0 | EQ47: 0 | ER47: 1 | ES47: 1 | ET47: 1 | EU47: 1 | EV47: 1 | EW47: 0 | EX47: 0 | EY47: 0 | EZ47: 0 | FA47: 0 | FB47: 0 | FC47: 0 | FD47: 0 | FE47: 0 | FF47: 0 | FG47: =SUM(DZ47:FF47) -> 5 | FH47: 0 | FI47: 0 | FJ47: 0 | FK47: 0 | FL47: 0 | FM47: 0 | FN47: =SUM(FH47:FM47) -> 0 | FO47: =SUM(DK47,DY47,FG47,FN47) -> 11 | FP47: 6 | FQ47: 1 | FR47: 3 | FS47: 5 | FT47: 2 | FU47: 1 | FV47: 1 | FW47: 5 | FX47: =SUM(FQ47:FW47) -> 18 | FY47: 1 | FZ47: =IF($G47<=50,$FY47+0,IF(AND($G47<60,$G47>50),$FY47+1,IF(AND($G47<70,$G47>60),$FY47+2,IF(AND($G47<80,$G47>70),$FY47+3,IF(AND($G47<90,$G47>80),$FY47+4,IF($G47>=90,$FY47+5,"")))))) -> 4 | GA47: 0
A48: 47 | B48: 1 | C48: 1 | D48: 0 | E48: 21408 | F48: 44526 | G48: =DATEDIF(E48,F48,"M")/12 -> 63.25 | H48: 50 | I48: =G48-H48 -> 13.25 | J48: 0 | K48: 3 | L48: 0 | M48: 0 | N48: 1 | O48: 0 | P48: 1 | Q48: 4 | R48: 1 | S48: 0 | T48: 0 | U48: 0 | V48: 1 | W48: 1 | X48: 2 | Y48: 2 | Z48: 5 | AA48: 2 | AB48: 5 | AC48: 6 | AD48: 6 | AE48: 1 | AF48: 0 | AG48: 0 | AH48: 0 | AI48: =AJ48*ledd!$B$2+AK48*ledd!$B$3+AL48*ledd!$B$4+AM48*ledd!$B$5+AN48*ledd!$B$6+AO48*ledd!$B$7+AP48*ledd!$B$8+AQ48*ledd!$B$9+AR48*ledd!$B$10+AS48*ledd!$B$11+AT48*ledd!$B$12+AU48*ledd!$B$13+AV48*ledd!$B$14+AW48*ledd!$B$15+AX48*ledd!$B$16 -> 1036.5 | AJ48: 525 | AK48: 100 | AL48: 0 | AM48: 0 | AN48: 0 | AO48: 16 | AP48: 0 | AQ48: 0 | AR48: 0 | AS48: 1 | AT48: 0 | AU48: 0 | AV48: 0 | AW48: 0 | AX48: 50 | AY48: 2 | AZ48: 3 | BA48: 2 | BB48: 2 | BC48: 2 | BD48: 0 | BE48: 2 | BF48: 2 | BG48: 0 | BH48: 0 | BI48: 1 | BJ48: 0 | BK48: 2 | BL48: 1 | BM48: 0 | BN48: 1 | BO48: 1 | BP48: 0 | BQ48: 1 | BR48: 0 | BS48: 1 | BT48: 1 | BU48: 2 | BV48: 0 | BW48: 0 | BX48: 2 | BY48: 0 | BZ48: 0 | CA48: 0 | CB48: 0 | CC48: 0 | CD48: 0 | CE48: 2 | CF48: 0 | CG48: 1 | CH48: 0 | CI48: 0 | CJ48: 3 | CK48: 3 | CL48: 3 | CM48: =(SUM(AZ48:BI48)*100/40) -> 35 | CN48: =SUM(BJ48:BO48)*100/24 -> 20.833333 | CO48: =SUM(BP48:BU48)*100/24 -> 20.833333 | CP48: =SUM(BV48:BY48)*100/16 -> 12.5 | CQ48: =SUM(BZ48:CB48)*100/12 -> 0 | CR48: =SUM(CC48:CF48)*100/16 -> 12.5 | CS48: =SUM(CG48:CI48)*100/12 -> 8.3333333 | CT48: =SUM(CJ48:CL48)*100/12 -> 75 | CU48: =SUM(CM48:CT48)/8 -> 23.125 | CV48: 0 | CW48: 0 | CX48: 0 | CY48: 0 | CZ48: 0 | DA48: 0 | DB48: 0 | DC48: 2 | DD48: 0 | DE48: 2 | DF48: 3 | DG48: 0 | DH48: 0 | DI48: 0 | DJ48: 0 | DK48: =SUM(CV48:DA48,DC48:DI48) -> 7 | DL48: 1 | DM48: 0 | DN48: 1 | DO48: 1 | DP48: 1 | DQ48: 0 | DR48: 0 | DS48: 0 | DT48: 1 | DU48: 0 | DV48: 1 | DW48: 0 | DX48: 0 | DY48: =SUM(DL48:DX48) -> 6 | DZ48: 0 | EA48: 0 | EB48: 0 | EC48: 0 | ED48: 0 | EE48: 0 | EF48: 0 | EG48: 0 | EH48: 0 | EI48: 0 | EJ48: 0 | EK48: 0 | EL48: 0 | EM48: 0 | EN48: 1 | EO48: 0 | EP48: 0 | EQ48: 0 | ER48: 1 | ES48: 0 | ET48: 1 | EU48: 1 | EV48: 0 | EW48: 0 | EX48: 0 | EY48: 0 | EZ48: 0 | FA48: 0 | FB48: 0 | FC48: 0 | FD48: 0 | FE48: 0 | FF48: 0 | FG48: =SUM(DZ48:FF48) -> 4 | FH48: 2 | FI48: 3 | FJ48: 0 | FK48: 0 | FL48: 0 | FM48: 0 | FN48: =SUM(FH48:FM48) -> 5 | FO48: =SUM(DK48,DY48,FG48,FN48) -> 22 | FP48: 10 | FQ48: 5 | FR48: 3 | FS48: 6 | FT48: 3 | FU48: 2 | FV48: 5 | FW48: 6 | FX48: =SUM(FQ48:FW48) -> 30 | FY48: 0 | FZ48: =IF($G48<=50,$FY48+0,IF(AND($G48<60,$G48>50),$FY48+1,IF(AND($G48<70,$G48>60),$FY48+2,IF(AND($G48<80,$G48>70),$FY48+3,IF(AND($G48<90,$G48>80),$FY48+4,IF($G48>=90,$FY48+5,"")))))) -> 2 | GA48: 1
A49: 48 | B49: 1 | C49: 1 | D49: 0 | E49: 24381 | F49: 44528 | G49: =DATEDIF(E49,F49,"M")/12 -> 55.083333 | H49: 39 | I49: =G49-H49 -> 16.083333 | J49: 0 | K49: 0 | L49: 1 | M49: 0 | N49: 1 | O49: 0 | P49: 3 | Q49: 3 | R49: 1 | S49: 1 | T49: 1 | U49: 1 | V49: 1 | W49: 1 | X49: 3 | Y49: 2 | Z49: 6 | AA49: 0 | AC49: 1 | AD49: 6 | AE49: 0 | AF49: 0 | AG49: 0 | AH49: 0 | AI49: =AJ49*ledd!$B$2+AK49*ledd!$B$3+AL49*ledd!$B$4+AM49*ledd!$B$5+AN49*ledd!$B$6+AO49*ledd!$B$7+AP49*ledd!$B$8+AQ49*ledd!$B$9+AR49*ledd!$B$10+AS49*ledd!$B$11+AT49*ledd!$B$12+AU49*ledd!$B$13+AV49*ledd!$B$14+AW49*ledd!$B$15+AX49*ledd!$B$16 -> 1393.5 | AJ49: 775 | AK49: 100 | AL49: 0 | AM49: 0 | AN49: 1.57 | AO49: 0 | AP49: 4 | AQ49: 0 | AR49: 0 | AS49: 0 | AT49: 150 | AU49: 0 | AV49: 0 | AW49: 100 | AX49: 50 | AY49: 2 | AZ49: 3 | BA49: 3 | BB49: 4 | BC49: 4 | BD49: 4 | BE49: 4 | BF49: 4 | BG49: 4 | BH49: 4 | BI49: 4 | BJ49: 3 | BK49: 3 | BL49: 3 | BM49: 3 | BN49: 2 | BO49: 2 | BP49: 2 | BQ49: 1 | BR49: 1 | BS49: 1 | BT49: 0 | BU49: 0 | BV49: 0 | BW49: 0 | BX49: 0 | BY49: 0 | BZ49: 0 | CA49: 0 | CB49: 1 | CC49: 3 | CD49: 3 | CE49: 0 | CF49: 3 | CG49: 1 | CH49: 0 | CI49: 0 | CJ49: 4 | CK49: 3 | CL49: 3 | CM49: =(SUM(AZ49:BI49)*100/40) -> 95 | CN49: =SUM(BJ49:BO49)*100/24 -> 66.666667 | CO49: =SUM(BP49:BU49)*100/24 -> 20.833333 | CP49: =SUM(BV49:BY49)*100/16 -> 0 | CQ49: =SUM(BZ49:CB49)*100/12 -> 8.3333333 | CR49: =SUM(CC49:CF49)*100/16 -> 56.25 | CS49: =SUM(CG49:CI49)*100/12 -> 8.3333333 | CT49: =SUM(CJ49:CL49)*100/12 -> 83.333333 | CU49: =SUM(CM49:CT49)/8 -> 42.34375 | CV49: 1 | CW49: 0 | CX49: 0 | CY49: 0 | CZ49: 0 | DA49: 0 | DB49: 0 | DC49: 0 | DD49: 0 | DE49: 3 | DF49: 3 | DG49: 0 | DH49: 0 | DI49: 0 | DJ49: 0 | DK49: =SUM(CV49:DA49,DC49:DI49) -> 7 | DL49: 1 | DM49: 2 | DN49: 0 | DO49: 0 | DP49: 1 | DQ49: 0 | DR49: 0 | DS49: 0 | DT49: 1 | DU49: 1 | DV49: 0 | DW49: 2 | DX49: 0 | DY49: =SUM(DL49:DX49) -> 8 | DZ49: 1 | EA49: 1 | EB49: 0 | EC49: 1 | ED49: 0 | EE49: 1 | EF49: 0 | EG49: 1 | EH49: 0 | EI49: 1 | EJ49: 0 | EK49: 1 | EL49: 0 | EM49: 1 | EN49: 1 | EO49: 2 | EP49: 1 | EQ49: 0 | ER49: 1 | ES49: 0 | ET49: 1 | EU49: 2 | EV49: 1 | EW49: 0 | EX49: 0 | EY49: 0 | EZ49: 0 | FA49: 0 | FB49: 0 | FC49: 0 | FD49: 0 | FE49: 0 | FF49: 0 | FG49: =SUM(DZ49:FF49) -> 17 | FH49: 2 | FI49: 4 | FJ49: 3 | FK49: 3 | FL49: 1 | FM49: 2 | FN49: =SUM(FH49:FM49) -> 15 | FO49: =SUM(DK49,DY49,FG49,FN49) -> 47 | FP49: 0 | FQ49: 4 | FR49: 3 | FS49: 6 | FT49: 3 | FU49: 2 | FV49: 4 | FW49: 6 | FX49: =SUM(FQ49:FW49) -> 28 | FY49: 0 | FZ49: =IF($G49<=50,$FY49+0,IF(AND($G49<60,$G49>50),$FY49+1,IF(AND($G49<70,$G49>60),$FY49+2,IF(AND($G49<80,$G49>70),$FY49+3,IF(AND($G49<90,$G49>80),$FY49+4,IF($G49>=90,$FY49+5,"")))))) -> 1 | GA49: 0
A50: 49 | B50: 1 | C50: 1 | D50: 1 | E50: 17366 | F50: 44528 | G50: =DATEDIF(E50,F50,"M")/12 -> 74.333333 | H50: 72 | I50: =G50-H50 -> 2.3333333 | J50: 0 | K50: 1 | L50: 0 | M50: 0 | N50: 2 | O50: 0 | P50: 3 | Q50: 2 | R50: 1 | S50: 0 | T50: 0 | U50: 0 | V50: 1 | W50: 1 | X50: 2 | Y50: 2 | Z50: 0 | AA50: 2 | AB50: 0 | AC50: 0 | AD50: 0 | AE50: 1 | AF50: 0 | AG50: 0 | AH50: 0 | AI50: =AJ50*ledd!$B$2+AK50*ledd!$B$3+AL50*ledd!$B$4+AM50*ledd!$B$5+AN50*ledd!$B$6+AO50*ledd!$B$7+AP50*ledd!$B$8+AQ50*ledd!$B$9+AR50*ledd!$B$10+AS50*ledd!$B$11+AT50*ledd!$B$12+AU50*ledd!$B$13+AV50*ledd!$B$14+AW50*ledd!$B$15+AX50*ledd!$B$16 -> 400 | AJ50: 400 | AK50: 0 | AL50: 0 | AM50: 0 | AN50: 0 | AO50: 0 | AP50: 0 | AQ50: 0 | AR50: 0 | AS50: 0 | AT50: 0 | AU50: 0 | AV50: 0 | AW50: 0 | AX50: 0 | AY50: 2 | AZ50: 0 | BA50: 0 | BB50: 0 | BC50: 0 | BD50: 0 | BE50: 0 | BF50: 0 | BG50: 0 | BH50: 0 | BI50: 0 | BJ50: 0 | BK50: 1 | BL50: 0 | BM50: 1 | BN50: 0 | BO50: 0 | BP50: 1 | BQ50: 0 | BR50: 0 | BS50: 0 | BT50: 0 | BU50: 0 | BV50: 0 | BW50: 0 | BX50: 0 | BY50: 0 | BZ50: 0 | CA50: 0 | CB50: 0 | CC50: 0 | CD50: 1 | CE50: 0 | CF50: 0 | CG50: 2 | CH50: 0 | CI50: 0 | CJ50: 0 | CK50: 0 | CL50: 0 | CM50: =(SUM(AZ50:BI50)*100/40) -> 0 | CN50: =SUM(BJ50:BO50)*100/24 -> 8.3333333 | CO50: =SUM(BP50:BU50)*100/24 -> 4.1666667 | CP50: =SUM(BV50:BY50)*100/16 -> 0 | CQ50: =SUM(BZ50:CB50)*100/12 -> 0 | CR50: =SUM(CC50:CF50)*100/16 -> 6.25 | CS50: =SUM(CG50:CI50)*100/12 -> 16.666667 | CT50: =SUM(CJ50:CL50)*100/12 -> 0 | CU50: =SUM(CM50:CT50)/8 -> 4.4270833 | CV50: 1 | CW50: 0 | CX50: 0 | CY50: 0 | CZ50: 0 | DA50: 0 | DB50: 0 | DC50: 0 | DD50: 0 | DE50: 0 | DF50: 0 | DG50: 0 | DH50: 0 | DI50: 0 | DJ50: 0 | DK50: =SUM(CV50:DA50,DC50:DI50) -> 1 | DL50: 2 | DM50: 0 | DN50: 0 | DO50: 0 | DP50: 0 | DQ50: 0 | DR50: 2 | DS50: 0 | DT50: 0 | DU50: 0 | DV50: 0 | DW50: 1 | DX50: 0 | DY50: =SUM(DL50:DX50) -> 5 | DZ50: 2 | EA50: 2 | EB50: 0 | EC50: 2 | ED50: 0 | EE50: 2 | EF50: 0 | EG50: 3 | EH50: 3 | EI50: 0 | EJ50: 0 | EK50: 2 | EL50: 2 | EM50: 1 | EN50: 1 | EO50: 0 | EP50: 0 | EQ50: 0 | ER50: 2 | ES50: 0 | ET50: 1 | EU50: 1 | EV50: 2 | EW50: 0 | EX50: 0 | EY50: 0 | EZ50: 0 | FA50: 0 | FB50: 0 | FC50: 0 | FD50: 0 | FE50: 0 | FF50: 0 | FG50: =SUM(DZ50:FF50) -> 26 | FH50: 0 | FI50: 0 | FJ50: 0 | FK50: 0 | FL50: 0 | FM50: 0 | FN50: =SUM(FH50:FM50) -> 0 | FO50: =SUM(DK50,DY50,FG50,FN50) -> 32 | FP50: 4 | FQ50: 2 | FR50: 3 | FS50: 6 | FT50: 2 | FU50: 0 | FV50: 1 | FW50: 4 | FX50: =SUM(FQ50:FW50) -> 18 | FY50: 1 | FZ50: =IF($G50<=50,$FY50+0,IF(AND($G50<60,$G50>50),$FY50+1,IF(AND($G50<70,$G50>60),$FY50+2,IF(AND($G50<80,$G50>70),$FY50+3,IF(AND($G50<90,$G50>80),$FY50+4,IF($G50>=90,$FY50+5,"")))))) -> 4 | GA50: 0
A51: 50 | B51: 1 | C51: 1 | D51: 1 | E51: 18007 | F51: 44533 | G51: =DATEDIF(E51,F51,"M")/12 -> 72.583333 | H51: 59 | I51: =G51-H51 -> 13.583333 | J51: 0 | K51: 1 | L51: 8 | M51: 0 | N51: 2 | O51: 0 | P51: 3 | Q51: 4 | R51: 3 | S51: 1 | T51: 1 | U51: 0 | V51: 0 | W51: 1 | X51: 3 | Y51: 2 | Z51: 0 | AA51: 0 | AC51: 0 | AD51: 6 | AE51: 1 | AF51: 0 | AG51: 0 | AH51: 0 | AI51: =AJ51*ledd!$B$2+AK51*ledd!$B$3+AL51*ledd!$B$4+AM51*ledd!$B$5+AN51*ledd!$B$6+AO51*ledd!$B$7+AP51*ledd!$B$8+AQ51*ledd!$B$9+AR51*ledd!$B$10+AS51*ledd!$B$11+AT51*ledd!$B$12+AU51*ledd!$B$13+AV51*ledd!$B$14+AW51*ledd!$B$15+AX51*ledd!$B$16 -> 1024 | AJ51: 350 | AK51: 200 | AL51: 800 | AM51: 0 | AN51: 2.1 | AO51: 0 | AP51: 0 | AQ51: 0 | AR51: 0 | AS51: 0 | AT51: 50 | AU51: 0 | AV51: 0 | AW51: 0 | AX51: 0 | AY51: 2 | AZ51: 2 | BA51: 1 | BB51: 2 | BC51: 1 | BD51: 0 | BE51: 0 | BF51: 0 | BG51: 0 | BH51: 0 | BI51: 3 | BJ51: 0 | BK51: 0 | BL51: 0 | BM51: 3 | BN51: 0 | BO51: 0 | BP51: 0 | BQ51: 0 | BR51: 3 | BS51: 0 | BT51: 0 | BU51: 1 | BV51: 0 | BW51: 0 | BX51: 0 | BY51: 0 | BZ51: 0 | CA51: 0 | CB51: 0 | CC51: 0 | CD51: 1 | CE51: 0 | CF51: 0 | CG51: 2 | CH51: 0 | CI51: 0 | CJ51: 0 | CK51: 0 | CL51: 0 | CM51: =(SUM(AZ51:BI51)*100/40) -> 22.5 | CN51: =SUM(BJ51:BO51)*100/24 -> 12.5 | CO51: =SUM(BP51:BU51)*100/24 -> 16.666667 | CP51: =SUM(BV51:BY51)*100/16 -> 0 | CQ51: =SUM(BZ51:CB51)*100/12 -> 0 | CR51: =SUM(CC51:CF51)*100/16 -> 6.25 | CS51: =SUM(CG51:CI51)*100/12 -> 16.666667 | CT51: =SUM(CJ51:CL51)*100/12 -> 0 | CU51: =SUM(CM51:CT51)/8 -> 9.3229167 | CV51: 0 | CW51: 0 | CX51: 0 | CY51: 0 | CZ51: 0 | DA51: 0 | DB51: 0 | DC51: 0 | DD51: 1 | DE51: 0 | DF51: 1 | DG51: 0 | DH51: 0 | DI51: 0 | DJ51: 0 | DK51: =SUM(CV51:DA51,DC51:DI51) -> 2 | DL51: 1 | DM51: 1 | DN51: 0 | DO51: 0 | DP51: 1 | DQ51: 0 | DR51: 3 | DS51: 1 | DT51: 0 | DU51: 1 | DV51: 1 | DW51: 1 | DX51: 1 | DY51: =SUM(DL51:DX51) -> 11 | DZ51: 1 | EA51: 1 | EB51: 0 | EC51: 2 | ED51: 2 | EE51: 1 | EF51: 1 | EG51: 1 | EH51: 1 | EI51: 2 | EJ51: 1 | EK51: 2 | EL51: 1 | EM51: 1 | EN51: 2 | EO51: 1 | EP51: 1 | EQ51: 1 | ER51: 1 | ES51: 2 | ET51: 0 | EU51: 1 | EV51: 1 | EW51: 1 | EX51: 0 | EY51: 1 | EZ51: 1 | FA51: 0 | FB51: 0 | FC51: 0 | FD51: 0 | FE51: 0 | FF51: 0 | FG51: =SUM(DZ51:FF51) -> 30 | FH51: 2 | FI51: 3 | FJ51: 3 | FK51: 4 | FL51: 1 | FM51: 0 | FN51: =SUM(FH51:FM51) -> 13 | FO51: =SUM(DK51,DY51,FG51,FN51) -> 56 | FP51: 10 | FQ51: 5 | FR51: 3 | FS51: 6 | FT51: 3 | FU51: 2 | FV51: 2 | FW51: 6 | FX51: =SUM(FQ51:FW51) -> 27 | FY51: 0 | FZ51: =IF($G51<=50,$FY51+0,IF(AND($G51<60,$G51>50),$FY51+1,IF(AND($G51<70,$G51>60),$FY51+2,IF(AND($G51<80,$G51>70),$FY51+3,IF(AND($G51<90,$G51>80),$FY51+4,IF($G51>=90,$FY51+5,"")))))) -> 3 | GA51: 1
A52: 51 | B52: 1 | C52: 1 | D52: 0 | E52: 21153 | F52: 44533 | G52: =DATEDIF(E52,F52,"M")/12 -> 64 | H52: 38 | I52: =G52-H52 -> 26 | J52: 1 | K52: 3 | L52: 8 | M52: 0 | N52: 2 | O52: 0 | P52: 0 | Q52: 4 | R52: 3 | S52: 0 | T52: 0 | U52: 0 | V52: 1 | W52: 1 | X52: 0 | Y52: 2 | Z52: 0 | AA52: 2 | AB52: 0 | AC52: 0 | AD52: 6 | AE52: 1 | AF52: 0 | AG52: 0 | AH52: 0 | AI52: =AJ52*ledd!$B$2+AK52*ledd!$B$3+AL52*ledd!$B$4+AM52*ledd!$B$5+AN52*ledd!$B$6+AO52*ledd!$B$7+AP52*ledd!$B$8+AQ52*ledd!$B$9+AR52*ledd!$B$10+AS52*ledd!$B$11+AT52*ledd!$B$12+AU52*ledd!$B$13+AV52*ledd!$B$14+AW52*ledd!$B$15+AX52*ledd!$B$16 -> 1080 | AJ52: 400 | AK52: 0 | AL52: 0 | AM52: 0 | AN52: 0 | AO52: 24 | AP52: 0 | AQ52: 0 | AR52: 0 | AS52: 0 | AT52: 200 | AU52: 0 | AV52: 0 | AW52: 0 | AX52: 0 | AY52: 2 | AZ52: 2 | BA52: 2 | BB52: 0 | BC52: 0 | BD52: 0 | BE52: 0 | BF52: 0 | BG52: 0 | BH52: 0 | BI52: 0 | BJ52: 0 | BK52: 0 | BL52: 0 | BM52: 3 | BN52: 0 | BO52: 0 | BP52: 0 | BQ52: 0 | BR52: 0 | BS52: 0 | BT52: 0 | BU52: 0 | BV52: 0 | BW52: 0 | BX52: 0 | BY52: 0 | BZ52: 0 | CA52: 0 | CB52: 0 | CC52: 0 | CD52: 0 | CE52: 0 | CF52: 0 | CG52: 0 | CH52: 0 | CI52: 0 | CJ52: 0 | CK52: 0 | CL52: 2 | CM52: =(SUM(AZ52:BI52)*100/40) -> 10 | CN52: =SUM(BJ52:BO52)*100/24 -> 12.5 | CO52: =SUM(BP52:BU52)*100/24 -> 0 | CP52: =SUM(BV52:BY52)*100/16 -> 0 | CQ52: =SUM(BZ52:CB52)*100/12 -> 0 | CR52: =SUM(CC52:CF52)*100/16 -> 0 | CS52: =SUM(CG52:CI52)*100/12 -> 0 | CT52: =SUM(CJ52:CL52)*100/12 -> 16.666667 | CU52: =SUM(CM52:CT52)/8 -> 4.8958333 | CV52: 0 | CW52: 0 | CX52: 0 | CY52: 0 | CZ52: 0 | DA52: 0 | DB52: 0 | DC52: 0 | DD52: 0 | DE52: 0 | DF52: 0 | DG52: 0 | DH52: 0 | DI52: 0 | DJ52: 0 | DK52: =SUM(CV52:DA52,DC52:DI52) -> 0 | DL52: 0 | DM52: 0 | DN52: 0 | DO52: 0 | DP52: 0 | DQ52: 0 | DR52: 3 | DS52: 0 | DT52: 0 | DU52: 0 | DV52: 0 | DW52: 0 | DX52: 4 | DY52: =SUM(DL52:DX52) -> 7 | DZ52: 0 | EA52: 0 | EB52: 0 | EC52: 0 | ED52: 2 | EE52: 0 | EF52: 0 | EG52: 0 | EH52: 0 | EI52: 0 | EJ52: 0 | EK52: 0 | EL52: 3 | EM52: 0 | EN52: 0 | EO52: 0 | EP52: 0 | EQ52: 0 | ER52: 0 | ES52: 1 | ET52: 2 | EU52: 0 | EV52: 0 | EW52: 0 | EX52: 0 | EY52: 0 | EZ52: 0 | FA52: 0 | FB52: 0 | FC52: 0 | FD52: 0 | FE52: 0 | FF52: 0 | FG52: =SUM(DZ52:FF52) -> 8 | FH52: 0 | FI52: 0 | FJ52: 1 | FK52: 4 | FL52: 1 | FM52: 0 | FN52: =SUM(FH52:FM52) -> 6 | FO52: =SUM(DK52,DY52,FG52,FN52) -> 21 | FP52: 3 | FQ52: 3 | FR52: 3 | FS52: 6 | FT52: 3 | FU52: 2 | FV52: 4 | FW52: 6 | FX52: =SUM(FQ52:FW52) -> 27 | FY52: 0 | FZ52: =IF($G52<=50,$FY52+0,IF(AND($G52<60,$G52>50),$FY52+1,IF(AND($G52<70,$G52>60),$FY52+2,IF(AND($G52<80,$G52>70),$FY52+3,IF(AND($G52<90,$G52>80),$FY52+4,IF($G52>=90,$FY52+5,"")))))) -> 2 | GA52: 1
A53: 52 | B53: 1 | C53: 1 | D53: 1 | E53: 21016 | F53: 44567 | G53: =DATEDIF(E53,F53,"M")/12 -> 64.416667 | H53: 60 | I53: =G53-H53 -> 4.4166667 | J53: 0 | K53: 1 | L53: 1 | M53: 0 | N53: 2 | O53: 1 | P53: 2 | Q53: 1 | R53: 1 | S53: 0 | T53: 0 | U53: 0 | V53: 1 | W53: 0 | X53: 2 | Y53: 2 | Z53: 0 | AA53: 1 | AB53: 0 | AC53: 0 | AD53: 0 | AE53: 0 | AF53: 0 | AG53: 0 | AH53: 0 | AI53: =AJ53*ledd!$B$2+AK53*ledd!$B$3+AL53*ledd!$B$4+AM53*ledd!$B$5+AN53*ledd!$B$6+AO53*ledd!$B$7+AP53*ledd!$B$8+AQ53*ledd!$B$9+AR53*ledd!$B$10+AS53*ledd!$B$11+AT53*ledd!$B$12+AU53*ledd!$B$13+AV53*ledd!$B$14+AW53*ledd!$B$15+AX53*ledd!$B$16 -> 756.5 | AJ53: 500 | AK53: 200 | AL53: 0 | AM53: 0 | AN53: 0 | AO53: 0 | AP53: 3 | AQ53: 0 | AR53: 0 | AS53: 0 | AT53: 0 | AU53: 0 | AV53: 0 | AW53: 0 | AX53: 50 | AY53: 4 | AZ53: 2 | BA53: 3 | BB53: 4 | BC53: 4 | BD53: 4 | BE53: 3 | BF53: 3 | BG53: 4 | BH53: 3 | BI53: 1 | BJ53: 0 | BK53: 0 | BL53: 0 | BM53: 3 | BN53: 0 | BO53: 0 | BP53: 0 | BQ53: 0 | BR53: 0 | BS53: 0 | BT53: 2 | BU53: 3 | BV53: 1 | BW53: 3 | BX53: 1 | BY53: 1 | BZ53: 3 | CA53: 2 | CB53: 2 | CC53: 0 | CD53: 3 | CE53: 3 | CF53: 2 | CG53: 0 | CH53: 0 | CI53: 0 | CJ53: 3 | CK53: 1 | CL53: 0 | CM53: =(SUM(AZ53:BI53)*100/40) -> 77.5 | CN53: =SUM(BJ53:BO53)*100/24 -> 12.5 | CO53: =SUM(BP53:BU53)*100/24 -> 20.833333 | CP53: =SUM(BV53:BY53)*100/16 -> 37.5 | CQ53: =SUM(BZ53:CB53)*100/12 -> 58.333333 | CR53: =SUM(CC53:CF53)*100/16 -> 50 | CS53: =SUM(CG53:CI53)*100/12 -> 0 | CT53: =SUM(CJ53:CL53)*100/12 -> 33.333333 | CU53: =SUM(CM53:CT53)/8 -> 36.25 | CV53: 4 | CW53: 2 | CX53: 3 | CY53: 2 | CZ53: 0 | DA53: 0 | DB53: 0 | DC53: 2 | DD53: 0 | DE53: 3 | DF53: 2 | DG53: 0 | DH53: 3 | DI53: 0 | DJ53: 0 | DK53: =SUM(CV53:DA53,DC53:DI53) -> 21 | DL53: 0 | DM53: 3 | DN53: 0 | DO53: 0 | DP53: 1 | DQ53: 2 | DR53: 4 | DS53: 0 | DT53: 2 | DU53: 0 | DV53: 1 | DW53: 2 | DX53: 4 | DY53: =SUM(DL53:DX53) -> 19 | DZ53: 1 | EA53: 1 | EB53: 1 | EC53: 2 | ED53: 0 | EE53: 2 | EF53: 0 | EG53: 1 | EH53: 2 | EI53: 1 | EJ53: 1 | EK53: 1 | EL53: 2 | EM53: 1 | EN53: 2 | EO53: 0 | EP53: 0 | EQ53: 1 | ER53: 4 | ES53: 0 | ET53: 3 | EU53: 3 | EV53: 2 | EW53: 0 | EX53: 0 | EY53: 0 | EZ53: 0 | FA53: 0 | FB53: 0 | FC53: 0 | FD53: 0 | FE53: 0 | FF53: 0 | FG53: =SUM(DZ53:FF53) -> 31 | FH53: 3 | FI53: 3 | FJ53: 2 | FK53: 3 | FL53: 2 | FM53: 1 | FN53: =SUM(FH53:FM53) -> 14 | FO53: =SUM(DK53,DY53,FG53,FN53) -> 85 | FP53: 16 | FQ53: 3 | FR53: 3 | FS53: 6 | FT53: 2 | FU53: 2 | FV53: 0 | FW53: 6 | FX53: =SUM(FQ53:FW53) -> 22 | FY53: 2 | FZ53: =IF($G53<=50,$FY53+0,IF(AND($G53<60,$G53>50),$FY53+1,IF(AND($G53<70,$G53>60),$FY53+2,IF(AND($G53<80,$G53>70),$FY53+3,IF(AND($G53<90,$G53>80),$FY53+4,IF($G53>=90,$FY53+5,"")))))) -> 4 | GA53: 1
A54: 53 | B54: 1 | C54: 1 | D54: 1 | E54: 24205 | F54: 44567 | G54: =DATEDIF(E54,F54,"M")/12 -> 55.666667 | H54: 40 | I54: =G54-H54 -> 15.666667 | J54: 0 | K54: 0 | L54: 0 | M54: 0 | N54: 1 | O54: 3 | P54: 2 | Q54: 2 | R54: 1 | S54: 0 | T54: 0 | U54: 0 | V54: 0 | W54: 1 | X54: 2 | Y54: 2 | Z54: 6 | AA54: 2 | AB54: 6 | AC54: 0 | AD54: 6 | AE54: 0 | AF54: 0 | AG54: 0 | AH54: 0 | AI54: =AJ54*ledd!$B$2+AK54*ledd!$B$3+AL54*ledd!$B$4+AM54*ledd!$B$5+AN54*ledd!$B$6+AO54*ledd!$B$7+AP54*ledd!$B$8+AQ54*ledd!$B$9+AR54*ledd!$B$10+AS54*ledd!$B$11+AT54*ledd!$B$12+AU54*ledd!$B$13+AV54*ledd!$B$14+AW54*ledd!$B$15+AX54*ledd!$B$16 -> 570 | AJ54: 0 | AK54: 0 | AL54: 0 | AM54: 0 | AN54: 0 | AO54: 16 | AP54: 0 | AQ54: 0 | AR54: 0 | AS54: 1 | AT54: 150 | AU54: 0 | AV54: 0 | AW54: 0 | AX54: 0 | AY54: 3 | AZ54: 4 | BA54: 3 | BB54: 3 | BC54: 1 | BD54: 1 | BE54: 2 | BF54: 1 | BG54: 0 | BH54: 0 | BI54: 4 | BJ54: 2 | BK54: 3 | BL54: 1 | BM54: 2 | BN54: 0 | BO54: 0 | BP54: 0 | BQ54: 2 | BR54: 0 | BS54: 0 | BT54: 0 | BU54: 0 | BV54: 0 | BW54: 0 | BX54: 0 | BY54: 0 | BZ54: 3 | CA54: 0 | CB54: 3 | CC54: 1 | CD54: 1 | CE54: 1 | CF54: 0 | CG54: 3 | CH54: 3 | CI54: 3 | CJ54: 3 | CK54: 3 | CL54: 0 | CM54: =(SUM(AZ54:BI54)*100/40) -> 47.5 | CN54: =SUM(BJ54:BO54)*100/24 -> 33.333333 | CO54: =SUM(BP54:BU54)*100/24 -> 8.3333333 | CP54: =SUM(BV54:BY54)*100/16 -> 0 | CQ54: =SUM(BZ54:CB54)*100/12 -> 50 | CR54: =SUM(CC54:CF54)*100/16 -> 18.75 | CS54: =SUM(CG54:CI54)*100/12 -> 75 | CT54: =SUM(CJ54:CL54)*100/12 -> 50 | CU54: =SUM(CM54:CT54)/8 -> 35.364583 | CV54: 0 | CW54: 0 | CX54: 0 | CY54: 0 | CZ54: 0 | DA54: 0 | DB54: 0 | DC54: 0 | DD54: 0 | DE54: 3 | DF54: 4 | DG54: 0 | DH54: 0 | DI54: 2 | DJ54: 0 | DK54: =SUM(CV54:DA54,DC54:DI54) -> 9 | DL54: 2 | DM54: 4 | DN54: 2 | DO54: 1 | DP54: 2 | DQ54: 0 | DR54: 3 | DS54: 3 | DT54: 0 | DU54: 3 | DV54: 0 | DW54: 2 | DX54: 0 | DY54: =SUM(DL54:DX54) -> 22 | DZ54: 2 | EA54: 2 | EB54: 2 | EC54: 0 | ED54: 2 | EE54: 0 | EF54: 0 | EG54: 0 | EH54: 1 | EI54: 0 | EJ54: 1 | EK54: 0 | EL54: 0 | EM54: 0 | EN54: 2 | EO54: 0 | EP54: 2 | EQ54: 0 | ER54: 1 | ES54: 0 | ET54: 0 | EU54: 1 | EV54: 0 | EW54: 0 | EX54: 1 | EY54: 0 | EZ54: 0 | FA54: 0 | FB54: 3 | FC54: 0 | FD54: 0 | FE54: 0 | FF54: 0 | FG54: =SUM(DZ54:FF54) -> 20 | FH54: 0 | FI54: 0 | FJ54: 1 | FK54: 2 | FL54: 0 | FM54: 0 | FN54: =SUM(FH54:FM54) -> 3 | FO54: =SUM(DK54,DY54,FG54,FN54) -> 54 | FP54: 2 | FQ54: 3 | FR54: 3 | FS54: 6 | FT54: 3 | FU54: 2 | FV54: 2 | FW54: 6 | FX54: =SUM(FQ54:FW54) -> 25 | FY54: 0 | FZ54: =IF($G54<=50,$FY54+0,IF(AND($G54<60,$G54>50),$FY54+1,IF(AND($G54<70,$G54>60),$FY54+2,IF(AND($G54<80,$G54>70),$FY54+3,IF(AND($G54<90,$G54>80),$FY54+4,IF($G54>=90,$FY54+5,"")))))) -> 1 | GA54: 0
A55: 54 | B55: 1 | C55: 1 | D55: 0 | E55: 16805 | F55: 44580 | G55: =DATEDIF(E55,F55,"M")/12 -> 76 | H55: 65 | I55: =G55-H55 -> 11 | J55: 11 | K55: 5 | L55: 8 | M55: 0 | N55: 1 | O55: 1 | P55: 1 | Q55: 4 | R55: 1 | S55: 0 | T55: 0 | U55: 0 | V55: 0 | W55: 0 | X55: 2 | Y55: 2 | Z55: 1 | AA55: 2 | AB55: 1 | AC55: 0 | AD55: 0 | AE55: 1 | AF55: 0 | AG55: 0 | AH55: 0 | AI55: =AJ55*ledd!$B$2+AK55*ledd!$B$3+AL55*ledd!$B$4+AM55*ledd!$B$5+AN55*ledd!$B$6+AO55*ledd!$B$7+AP55*ledd!$B$8+AQ55*ledd!$B$9+AR55*ledd!$B$10+AS55*ledd!$B$11+AT55*ledd!$B$12+AU55*ledd!$B$13+AV55*ledd!$B$14+AW55*ledd!$B$15+AX55*ledd!$B$16 -> 661.6 | AJ55: 400 | AK55: 100 | AL55: 20 | AM55: 0 | AN55: 0 | AO55: 0 | AP55: 6 | AQ55: 0 | AR55: 0 | AS55: 0 | AT55: 0 | AU55: 0 | AV55: 0 | AW55: 0 | AX55: 0 | AY55: 4 | AZ55: 3 | BA55: 3 | BB55: 2 | BC55: 0 | BD55: 0 | BE55: 3 | BF55: 3 | BG55: 4 | BH55: 4 | BI55: 3 | BJ55: 4 | BK55: 3 | BL55: 3 | BM55: 3 | BN55: 4 | BO55: 3 | BP55: 1 | BQ55: 2 | BR55: 3 | BS55: 2 | BT55: 2 | BU55: 3 | BV55: 0 | BW55: 0 | BX55: 0 | BY55: 0 | BZ55: 0 | CA55: 0 | CB55: 0 | CC55: 3 | CD55: 0 | CE55: 0 | CF55: 3 | CG55: 1 | CH55: 1 | CI55: 0 | CJ55: 3 | CK55: 3 | CL55: 2 | CM55: =(SUM(AZ55:BI55)*100/40) -> 62.5 | CN55: =SUM(BJ55:BO55)*100/24 -> 83.333333 | CO55: =SUM(BP55:BU55)*100/24 -> 54.166667 | CP55: =SUM(BV55:BY55)*100/16 -> 0 | CQ55: =SUM(BZ55:CB55)*100/12 -> 0 | CR55: =SUM(CC55:CF55)*100/16 -> 37.5 | CS55: =SUM(CG55:CI55)*100/12 -> 16.666667 | CT55: =SUM(CJ55:CL55)*100/12 -> 66.666667 | CU55: =SUM(CM55:CT55)/8 -> 40.104167 | CV55: 0 | CW55: 2 | CX55: 0 | CY55: 0 | CZ55: 0 | DA55: 4 | DB55: 0 | DC55: 4 | DD55: 3 | DE55: 3 | DF55: 3 | DG55: 2 | DH55: 2 | DI55: 3 | DJ55: 0 | DK55: =SUM(CV55:DA55,DC55:DI55) -> 26 | DL55: 0 | DM55: 4 | DN55: 1 | DO55: 3 | DP55: 3 | DQ55: 3 | DR55: 3 | DS55: 3 | DT55: 3 | DU55: 1 | DV55: 3 | DW55: 3 | DX55: 4 | DY55: =SUM(DL55:DX55) -> 34 | DZ55: 0 | EA55: 1 | EB55: 0 | EC55: 0 | ED55: 0 | EE55: 0 | EF55: 0 | EG55: 1 | EH55: 1 | EI55: 0 | EJ55: 0 | EK55: 0 | EL55: 0 | EM55: 0 | EN55: 1 | EO55: 0 | EP55: 0 | EQ55: 2 | ER55: 2 | ES55: 3 | ET55: 2 | EU55: 3 | EV55: 2 | EW55: 0 | EX55: 0 | EY55: 0 | EZ55: 0 | FA55: 0 | FB55: 0 | FC55: 0 | FD55: 0 | FE55: 0 | FF55: 0 | FG55: =SUM(DZ55:FF55) -> 18 | FH55: 2 | FI55: 3 | FJ55: 2 | FK55: 3 | FL55: 4 | FM55: 2 | FN55: =SUM(FH55:FM55) -> 16 | FO55: =SUM(DK55,DY55,FG55,FN55) -> 94 | FP55: 10 | FQ55: 4 | FR55: 3 | FS55: 6 | FT55: 2 | FU55: 3 | FV55: 5 | FW55: 6 | FX55: =SUM(FQ55:FW55) -> 29 | FY55: 0 | FZ55: =IF($G55<=50,$FY55+0,IF(AND($G55<60,$G55>50),$FY55+1,IF(AND($G55<70,$G55>60),$FY55+2,IF(AND($G55<80,$G55>70),$FY55+3,IF(AND($G55<90,$G55>80),$FY55+4,IF($G55>=90,$FY55+5,"")))))) -> 3 | GA55: 0
A56: 55 | B56: 1 | C56: 1 | D56: 1 | E56: 21434 | F56: 44594 | G56: =DATEDIF(E56,F56,"M")/12 -> 63.333333 | H56: 52 | I56: =G56-H56 -> 11.333333 | J56: 0 | K56: 1 | L56: 0 | M56: 0 | N56: 2 | O56: 1 | P56: 1 | Q56: 2 | R56: 1 | S56: 0 | T56: 0 | U56: 0 | V56: 0 | W56: 0 | X56: 2 | Y56: 2 | Z56: 0 | AA56: 2 | AB56: 0 | AC56: 0 | AD56: 0 | AE56: 1 | AF56: 0 | AG56: 0 | AH56: 0 | AI56: =AJ56*ledd!$B$2+AK56*ledd!$B$3+AL56*ledd!$B$4+AM56*ledd!$B$5+AN56*ledd!$B$6+AO56*ledd!$B$7+AP56*ledd!$B$8+AQ56*ledd!$B$9+AR56*ledd!$B$10+AS56*ledd!$B$11+AT56*ledd!$B$12+AU56*ledd!$B$13+AV56*ledd!$B$14+AW56*ledd!$B$15+AX56*ledd!$B$16 -> 1170 | AJ56: 600 | AK56: 0 | AL56: 1000 | AM56: 0 | AN56: 0 | AO56: 0 | AP56: 8 | AQ56: 0 | AR56: 0 | AS56: 0 | AT56: 0 | AU56: 0 | AV56: 0 | AW56: 0 | AX56: 0 | AY56: 3 | AZ56: 4 | BA56: 3 | BB56: 3 | BC56: 3 | BD56: 3 | BE56: 3 | BF56: 4 | BG56: 4 | BH56: 2 | BI56: 4 | BJ56: 2 | BK56: 2 | BL56: 2 | BM56: 3 | BN56: 0 | BO56: 0 | BP56: 4 | BQ56: 3 | BR56: 1 | BS56: 3 | BT56: 3 | BU56: 4 | BV56: 2 | BW56: 4 | BX56: 4 | BY56: 4 | BZ56: 0 | CA56: 0 | CB56: 0 | CC56: 2 | CD56: 2 | CE56: 4 | CF56: 0 | CG56: 0 | CH56: 0 | CI56: 0 | CJ56: 3 | CK56: 4 | CL56: 0 | CM56: =(SUM(AZ56:BI56)*100/40) -> 82.5 | CN56: =SUM(BJ56:BO56)*100/24 -> 37.5 | CO56: =SUM(BP56:BU56)*100/24 -> 75 | CP56: =SUM(BV56:BY56)*100/16 -> 87.5 | CQ56: =SUM(BZ56:CB56)*100/12 -> 0 | CR56: =SUM(CC56:CF56)*100/16 -> 50 | CS56: =SUM(CG56:CI56)*100/12 -> 0 | CT56: =SUM(CJ56:CL56)*100/12 -> 58.333333 | CU56: =SUM(CM56:CT56)/8 -> 48.854167 | CV56: 3 | CW56: 0 | CX56: 3 | CY56: 3 | CZ56: 0 | DA56: 0 | DB56: 0 | DC56: 2 | DD56: 3 | DE56: 2 | DF56: 2 | DG56: 3 | DH56: 0 | DI56: 2 | DJ56: 0 | DK56: =SUM(CV56:DA56,DC56:DI56) -> 23 | DL56: 1 | DM56: 0 | DN56: 2 | DO56: 0 | DP56: 1 | DQ56: 3 | DR56: 3 | DS56: 3 | DT56: 2 | DU56: 0 | DV56: 2 | DW56: 3 | DX56: 4 | DY56: =SUM(DL56:DX56) -> 24 | DZ56: 1 | EA56: 2 | EB56: 0 | EC56: 0 | ED56: 0 | EE56: 0 | EF56: 0 | EG56: 0 | EH56: 2 | EI56: 0 | EJ56: 0 | EK56: 0 | EL56: 1 | EM56: 0 | EN56: 1 | EO56: 0 | EP56: 0 | EQ56: 0 | ER56: 1 | ES56: 1 | ET56: 0 | EU56: 1 | EV56: 0 | EW56: 0 | EX56: 0 | EY56: 0 | EZ56: 0 | FA56: 0 | FB56: 0 | FC56: 0 | FD56: 0 | FE56: 0 | FF56: 0 | FG56: =SUM(DZ56:FF56) -> 10 | FH56: 0 | FI56: 0 | FJ56: 3 | FK56: 4 | FL56: 0 | FM56: 3 | FN56: =SUM(FH56:FM56) -> 10 | FO56: =SUM(DK56,DY56,FG56,FN56) -> 67 | FP56: 9 | FQ56: 5 | FR56: 3 | FS56: 5 | FT56: 0 | FU56: 1 | FV56: 0 | FW56: 6 | FX56: =SUM(FQ56:FW56) -> 20 | FY56: 0 | FZ56: =IF($G56<=50,$FY56+0,IF(AND($G56<60,$G56>50),$FY56+1,IF(AND($G56<70,$G56>60),$FY56+2,IF(AND($G56<80,$G56>70),$FY56+3,IF(AND($G56<90,$G56>80),$FY56+4,IF($G56>=90,$FY56+5,"")))))) -> 2 | GA56: 1
A57: 56 | B57: 1 | C57: 1 | D57: 1 | E57: 21602 | F57: 44594 | G57: =DATEDIF(E57,F57,"M")/12 -> 62.916667 | H57: 55 | I57: =G57-H57 -> 7.9166667 | J57: 0 | K57: 3 | L57: 8 | M57: 0 | N57: 1 | O57: 0 | P57: 1 | Q57: 4 | R57: 0 | S57: 0 | T57: 0 | U57: 0 | V57: 1 | W57: 1 | X57: 2 | Y57: 1 | Z57: 6 | AA57: 1 | AB57: 6 | AC57: 6 | AD57: 6 | AE57: 1 | AF57: 0 | AG57: 0 | AH57: 0 | AI57: =AJ57*ledd!$B$2+AK57*ledd!$B$3+AL57*ledd!$B$4+AM57*ledd!$B$5+AN57*ledd!$B$6+AO57*ledd!$B$7+AP57*ledd!$B$8+AQ57*ledd!$B$9+AR57*ledd!$B$10+AS57*ledd!$B$11+AT57*ledd!$B$12+AU57*ledd!$B$13+AV57*ledd!$B$14+AW57*ledd!$B$15+AX57*ledd!$B$16 -> 26 | AJ57: 0 | AK57: 0 | AL57: 0 | AM57: 0 | AN57: 0.26 | AO57: 0 | AP57: 0 | AQ57: 0 | AR57: 0 | AS57: 0 | AT57: 0 | AU57: 0 | AV57: 0 | AW57: 0 | AX57: 0 | AY57: 2 | AZ57: 1 | BA57: 1 | BB57: 3 | BC57: 3 | BD57: 3 | BE57: 1 | BF57: 3 | BG57: 0 | BH57: 1 | BI57: 3 | BJ57: 0 | BK57: 0 | BL57: 0 | BM57: 2 | BN57: 0 | BO57: 1 | BP57: 1 | BQ57: 1 | BR57: 1 | BS57: 1 | BT57: 1 | BU57: 1 | BV57: 3 | BW57: 3 | BX57: 1 | BY57: 2 | BZ57: 1 | CA57: 1 | CB57: 1 | CC57: 0 | CD57: 1 | CE57: 1 | CF57: 0 | CG57: 2 | CH57: 2 | CI57: 1 | CJ57: 1 | CK57: 3 | CL57: 0 | CM57: =(SUM(AZ57:BI57)*100/40) -> 47.5 | CN57: =SUM(BJ57:BO57)*100/24 -> 12.5 | CO57: =SUM(BP57:BU57)*100/24 -> 25 | CP57: =SUM(BV57:BY57)*100/16 -> 56.25 | CQ57: =SUM(BZ57:CB57)*100/12 -> 25 | CR57: =SUM(CC57:CF57)*100/16 -> 12.5 | CS57: =SUM(CG57:CI57)*100/12 -> 41.666667 | CT57: =SUM(CJ57:CL57)*100/12 -> 33.333333 | CU57: =SUM(CM57:CT57)/8 -> 31.71875 | CV57: 0 | CW57: 0 | CX57: 0 | CY57: 0 | CZ57: 0 | DA57: 0 | DB57: 0 | DC57: 1 | DD57: 2 | DE57: 2 | DF57: 1 | DG57: 0 | DH57: 1 | DI57: 1 | DJ57: 0 | DK57: =SUM(CV57:DA57,DC57:DI57) -> 8 | DL57: 2 | DM57: 0 | DN57: 0 | DO57: 1 | DP57: 1 | DQ57: 1 | DR57: 2 | DS57: 1 | DT57: 0 | DU57: 1 | DV57: 1 | DW57: 1 | DX57: 1 | DY57: =SUM(DL57:DX57) -> 12 | DZ57: 1 | EA57: 1 | EB57: 0 | EC57: 1 | ED57: 0 | EE57: 0 | EF57: 1 | EG57: 0 | EH57: 1 | EI57: 0 | EJ57: 1 | EK57: 1 | EL57: 2 | EM57: 1 | EN57: 1 | EO57: 0 | EP57: 0 | EQ57: 0 | ER57: 1 | ES57: 0 | ET57: 0 | EU57: 0 | EV57: 1 | EW57: 1 | EX57: 0 | EY57: 0 | EZ57: 0 | FA57: 0 | FB57: 0 | FC57: 0 | FD57: 0 | FE57: 0 | FF57: 0 | FG57: =SUM(DZ57:FF57) -> 14 | FH57: 0 | FI57: 0 | FJ57: 1 | FK57: 1 | FL57: 0 | FM57: 0 | FN57: =SUM(FH57:FM57) -> 2 | FO57: =SUM(DK57,DY57,FG57,FN57) -> 36 | FP57: 6 | FQ57: 5 | FR57: 3 | FS57: 6 | FT57: 3 | FU57: 2 | FV57: 5 | FW57: 6 | FX57: =SUM(FQ57:FW57) -> 30 | FY57: 0 | FZ57: =IF($G57<=50,$FY57+0,IF(AND($G57<60,$G57>50),$FY57+1,IF(AND($G57<70,$G57>60),$FY57+2,IF(AND($G57<80,$G57>70),$FY57+3,IF(AND($G57<90,$G57>80),$FY57+4,IF($G57>=90,$FY57+5,"")))))) -> 2 | GA57: 1
A58: 57 | B58: 1 | C58: 1 | D58: 1 | E58: 25266 | F58: 44601 | G58: =DATEDIF(E58,F58,"M")/12 -> 52.916667 | H58: 45 | I58: =G58-H58 -> 7.9166667 | J58: 0 | K58: 1 | L58: 0 | M58: 0 | N58: 4 | O58: 0 | P58: 2 | Q58: 4 | R58: 3 | S58: 0 | T58: 0 | U58: 0 | V58: 1 | W58: 1 | X58: 0 | Y58: 0 | AA58: 0 | AC58: 6 | AD58: 6 | AE58: 1 | AF58: 0 | AG58: 0 | AH58: 0 | AI58: =AJ58*ledd!$B$2+AK58*ledd!$B$3+AL58*ledd!$B$4+AM58*ledd!$B$5+AN58*ledd!$B$6+AO58*ledd!$B$7+AP58*ledd!$B$8+AQ58*ledd!$B$9+AR58*ledd!$B$10+AS58*ledd!$B$11+AT58*ledd!$B$12+AU58*ledd!$B$13+AV58*ledd!$B$14+AW58*ledd!$B$15+AX58*ledd!$B$16 -> 525 | AJ58: 225 | AK58: 0 | AL58: 0 | AM58: 0 | AN58: 0 | AO58: 0 | AP58: 0 | AQ58: 0 | AR58: 0 | AS58: 0 | AT58: 150 | AU58: 0 | AV58: 150 | AW58: 0 | AX58: 0 | AY58: 2 | AZ58: 1 | BA58: 1 | BB58: 0 | BC58: 0 | BD58: 0 | BE58: 0 | BF58: 0 | BG58: 0 | BH58: 0 | BI58: 0 | BJ58: 2 | BK58: 3 | BL58: 3 | BM58: 4 | BN58: 2 | BO58: 0 | BP58: 0 | BQ58: 0 | BR58: 2 | BS58: 0 | BT58: 0 | BU58: 0 | BV58: 0 | BW58: 0 | BX58: 0 | BY58: 0 | BZ58: 0 | CA58: 0 | CB58: 0 | CC58: 0 | CD58: 0 | CE58: 0 | CF58: 0 | CG58: 2 | CH58: 0 | CI58: 0 | CJ58: 0 | CK58: 0 | CL58: 0 | CM58: =(SUM(AZ58:BI58)*100/40) -> 5 | CN58: =SUM(BJ58:BO58)*100/24 -> 58.333333 | CO58: =SUM(BP58:BU58)*100/24 -> 8.3333333 | CP58: =SUM(BV58:BY58)*100/16 -> 0 | CQ58: =SUM(BZ58:CB58)*100/12 -> 0 | CR58: =SUM(CC58:CF58)*100/16 -> 0 | CS58: =SUM(CG58:CI58)*100/12 -> 16.666667 | CT58: =SUM(CJ58:CL58)*100/12 -> 0 | CU58: =SUM(CM58:CT58)/8 -> 11.041667 | CV58: 0 | CW58: 0 | CX58: 0 | CY58: 0 | CZ58: 0 | DA58: 0 | DB58: 0 | DC58: 0 | DD58: 0 | DE58: 0 | DF58: 0 | DG58: 0 | DH58: 0 | DI58: 0 | DJ58: 0 | DK58: =SUM(CV58:DA58,DC58:DI58) -> 0 | DL58: 1 | DM58: 2 | DN58: 0 | DO58: 3 | DP58: 1 | DQ58: 1 | DR58: 3 | DS58: 0 | DT58: 0 | DU58: 0 | DV58: 0 | DW58: 0 | DX58: 4 | DY58: =SUM(DL58:DX58) -> 15 | DZ58: 1 | EA58: 3 | EB58: 0 | EC58: 0 | ED58: 0 | EE58: 0 | EF58: 0 | EG58: 3 | EH58: 4 | EI58: 2 | EJ58: 3 | EK58: 3 | EL58: 4 | EM58: 1 | EN58: 2 | EO58: 2 | EP58: 2 | EQ58: 0 | ER58: 2 | ES58: 0 | ET58: 2 | EU58: 2 | EV58: 0 | EW58: 0 | EX58: 0 | EY58: 0 | EZ58: 0 | FA58: 0 | FB58: 0 | FC58: 0 | FD58: 0 | FE58: 0 | FF58: 0 | FG58: =SUM(DZ58:FF58) -> 36 | FH58: 0 | FI58: 0 | FJ58: 0 | FK58: 0 | FL58: 0 | FM58: 0 | FN58: =SUM(FH58:FM58) -> 0 | FO58: =SUM(DK58,DY58,FG58,FN58) -> 51 | FP58: 3 | FQ58: 5 | FR58: 3 | FS58: 6 | FT58: 3 | FU58: 2 | FV58: 0 | FW58: 6 | FX58: =SUM(FQ58:FW58) -> 25 | FY58: 0 | FZ58: =IF($G58<=50,$FY58+0,IF(AND($G58<60,$G58>50),$FY58+1,IF(AND($G58<70,$G58>60),$FY58+2,IF(AND($G58<80,$G58>70),$FY58+3,IF(AND($G58<90,$G58>80),$FY58+4,IF($G58>=90,$FY58+5,"")))))) -> 1 | GA58: 0
A59: 58 | B59: 1 | C59: 1 | D59: 1 | E59: 19394 | F59: 44603 | G59: =DATEDIF(E59,F59,"M")/12 -> 69 | H59: 66 | I59: =G59-H59 -> 3 | J59: 0 | K59: 1 | L59: 0 | M59: 0 | N59: 2 | O59: 1 | P59: 2 | Q59: 1 | R59: 1 | S59: 0 | T59: 0 | U59: 0 | V59: 0 | W59: 0 | X59: 1 | Y59: 1 | Z59: 0 | AA59: 1 | AB59: 0 | AC59: 0 | AD59: 6 | AE59: 0 | AF59: 0 | AG59: 0 | AH59: 0 | AI59: =AJ59*ledd!$B$2+AK59*ledd!$B$3+AL59*ledd!$B$4+AM59*ledd!$B$5+AN59*ledd!$B$6+AO59*ledd!$B$7+AP59*ledd!$B$8+AQ59*ledd!$B$9+AR59*ledd!$B$10+AS59*ledd!$B$11+AT59*ledd!$B$12+AU59*ledd!$B$13+AV59*ledd!$B$14+AW59*ledd!$B$15+AX59*ledd!$B$16 -> 300 | AJ59: 300 | AK59: 0 | AL59: 0 | AM59: 0 | AN59: 0 | AO59: 0 | AP59: 0 | AQ59: 0 | AR59: 0 | AS59: 0 | AT59: 0 | AU59: 0 | AV59: 0 | AW59: 0 | AX59: 0 | AY59: 3 | AZ59: 3 | BA59: 1 | BB59: 1 | BC59: 1 | BD59: 0 | BE59: 0 | BF59: 1 | BG59: 0 | BH59: 3 | BI59: 2 | BJ59: 0 | BK59: 0 | BL59: 1 | BM59: 1 | BN59: 0 | BO59: 0 | BP59: 1 | BQ59: 0 | BR59: 0 | BS59: 0 | BT59: 1 | BU59: 1 | BV59: 0 | BW59: 1 | BX59: 0 | BY59: 0 | BZ59: 1 | CA59: 0 | CB59: 0 | CC59: 2 | CD59: 2 | CE59: 2 | CF59: 3 | CG59: 2 | CH59: 1 | CI59: 0 | CJ59: 1 | CK59: 3 | CL59: 1 | CM59: =(SUM(AZ59:BI59)*100/40) -> 30 | CN59: =SUM(BJ59:BO59)*100/24 -> 8.3333333 | CO59: =SUM(BP59:BU59)*100/24 -> 12.5 | CP59: =SUM(BV59:BY59)*100/16 -> 6.25 | CQ59: =SUM(BZ59:CB59)*100/12 -> 8.3333333 | CR59: =SUM(CC59:CF59)*100/16 -> 56.25 | CS59: =SUM(CG59:CI59)*100/12 -> 25 | CT59: =SUM(CJ59:CL59)*100/12 -> 41.666667 | CU59: =SUM(CM59:CT59)/8 -> 23.541667 | CV59: 2 | CW59: 2 | CX59: 1 | CY59: 0 | CZ59: 2 | DA59: 0 | DB59: 0 | DC59: 0 | DD59: 1 | DE59: 2 | DF59: 2 | DG59: 0 | DH59: 3 | DI59: 2 | DJ59: 0 | DK59: =SUM(CV59:DA59,DC59:DI59) -> 17 | DL59: 0 | DM59: 2 | DN59: 0 | DO59: 0 | DP59: 0 | DQ59: 0 | DR59: 1 | DS59: 2 | DT59: 0 | DU59: 2 | DV59: 2 | DW59: 3 | DX59: 0 | DY59: =SUM(DL59:DX59) -> 12 | DZ59: 0 | EA59: 2 | EB59: 0 | EC59: 1 | ED59: 1 | EE59: 1 | EF59: 1 | EG59: 0 | EH59: 1 | EI59: 0 | EJ59: 0 | EK59: 0 | EL59: 1 | EM59: 1 | EN59: 1 | EO59: 1 | EP59: 2 | EQ59: 1 | ER59: 1 | ES59: 1 | ET59: 2 | EU59: 0 | EV59: 1 | EW59: 0 | EX59: 0 | EY59: 0 | EZ59: 0 | FA59: 0 | FB59: 0 | FC59: 0 | FD59: 0 | FE59: 0 | FF59: 0 | FG59: =SUM(DZ59:FF59) -> 19 | FH59: 2 | FI59: 0 | FJ59: 0 | FK59: 0 | FL59: 0 | FM59: 0 | FN59: =SUM(FH59:FM59) -> 2 | FO59: =SUM(DK59,DY59,FG59,FN59) -> 50 | FP59: 8 | FQ59: 5 | FR59: 3 | FS59: 6 | FT59: 1 | FU59: 1 | FV59: 2 | FW59: 6 | FX59: =SUM(FQ59:FW59) -> 24 | FY59: 1 | FZ59: =IF($G59<=50,$FY59+0,IF(AND($G59<60,$G59>50),$FY59+1,IF(AND($G59<70,$G59>60),$FY59+2,IF(AND($G59<80,$G59>70),$FY59+3,IF(AND($G59<90,$G59>80),$FY59+4,IF($G59>=90,$FY59+5,"")))))) -> 3 | GA59: 0
A60: 59 | B60: 1 | C60: 1 | D60: 1 | E60: 23029 | F60: 44607 | G60: =DATEDIF(E60,F60,"M")/12 -> 59 | H60: 46 | I60: =G60-H60 -> 13 | J60: 0 | K60: 1 | L60: 0 | M60: 0 | N60: 2 | O60: 0 | P60: 2 | Q60: 2 | R60: 1 | S60: 1 | T60: 1 | U60: 1 | V60: 1 | W60: 1 | X60: 0 | Y60: 1 | Z60: 0 | AA60: 0 | AC60: 1 | AD60: 6 | AE60: 0 | AF60: 0 | AG60: 0 | AH60: 0 | AI60: =AJ60*ledd!$B$2+AK60*ledd!$B$3+AL60*ledd!$B$4+AM60*ledd!$B$5+AN60*ledd!$B$6+AO60*ledd!$B$7+AP60*ledd!$B$8+AQ60*ledd!$B$9+AR60*ledd!$B$10+AS60*ledd!$B$11+AT60*ledd!$B$12+AU60*ledd!$B$13+AV60*ledd!$B$14+AW60*ledd!$B$15+AX60*ledd!$B$16 -> 460 | AJ60: 150 | AK60: 0 | AL60: 0 | AM60: 0 | AN60: 2.1 | AO60: 0 | AP60: 0 | AQ60: 0 | AR60: 0 | AS60: 1 | AT60: 0 | AU60: 0 | AV60: 0 | AW60: 0 | AX60: 0 | AY60: 2 | AZ60: 2 | BA60: 2 | BB60: 1 | BC60: 2 | BD60: 1 | BE60: 1 | BF60: 2 | BG60: 1 | BH60: 3 | BI60: 1 | BJ60: 0 | BK60: 0 | BL60: 0 | BM60: 2 | BN60: 0 | BO60: 0 | BP60: 0 | BQ60: 0 | BR60: 0 | BS60: 0 | BT60: 0 | BU60: 2 | BV60: 2 | BW60: 0 | BX60: 2 | BY60: 2 | BZ60: 0 | CA60: 0 | CB60: 0 | CC60: 1 | CD60: 1 | CE60: 1 | CF60: 0 | CG60: 0 | CH60: 0 | CI60: 0 | CJ60: 1 | CK60: 1 | CL60: 0 | CM60: =(SUM(AZ60:BI60)*100/40) -> 40 | CN60: =SUM(BJ60:BO60)*100/24 -> 8.3333333 | CO60: =SUM(BP60:BU60)*100/24 -> 8.3333333 | CP60: =SUM(BV60:BY60)*100/16 -> 37.5 | CQ60: =SUM(BZ60:CB60)*100/12 -> 0 | CR60: =SUM(CC60:CF60)*100/16 -> 18.75 | CS60: =SUM(CG60:CI60)*100/12 -> 0 | CT60: =SUM(CJ60:CL60)*100/12 -> 16.666667 | CU60: =SUM(CM60:CT60)/8 -> 16.197917 | CV60: 0 | CW60: 0 | CX60: 0 | CY60: 0 | CZ60: 1 | DA60: 0 | DB60: 0 | DC60: 0 | DD60: 1 | DE60: 0 | DF60: 2 | DG60: 3 | DH60: 0 | DI60: 0 | DJ60: 0 | DK60: =SUM(CV60:DA60,DC60:DI60) -> 7 | DL60: 2 | DM60: 0 | DN60: 0 | DO60: 0 | DP60: 1 | DQ60: 0 | DR60: 0 | DS60: 2 | DT60: 0 | DU60: 0 | DV60: 0 | DW60: 0 | DX60: 0 | DY60: =SUM(DL60:DX60) -> 5 | DZ60: 1 | EA60: 1 | EB60: 0 | EC60: 0 | ED60: 0 | EE60: 1 | EF60: 1 | EG60: 0 | EH60: 0 | EI60: 0 | EJ60: 0 | EK60: 0 | EL60: 0 | EM60: 0 | EN60: 0 | EO60: 0 | EP60: 0 | EQ60: 0 | ER60: 0 | ES60: 0 | ET60: 0 | EU60: 0 | EV60: 0 | EW60: 0 | EX60: 0 | EY60: 0 | EZ60: 0 | FA60: 0 | FB60: 0 | FC60: 0 | FD60: 0 | FE60: 0 | FF60: 0 | FG60: =SUM(DZ60:FF60) -> 4 | FH60: 1 | FI60: 1 | FJ60: 0 | FK60: 0 | FL60: 0 | FM60: 0 | FN60: =SUM(FH60:FM60) -> 2 | FO60: =SUM(DK60,DY60,FG60,FN60) -> 18 | FP60: 7 | FQ60: 5 | FR60: 3 | FS60: 6 | FT60: 3 | FU60: 2 | FV60: 5 | FW60: 6 | FX60: =SUM(FQ60:FW60) -> 30 | FY60: 0 | FZ60: =IF($G60<=50,$FY60+0,IF(AND($G60<60,$G60>50),$FY60+1,IF(AND($G60<70,$G60>60),$FY60+2,IF(AND($G60<80,$G60>70),$FY60+3,IF(AND($G60<90,$G60>80),$FY60+4,IF($G60>=90,$FY60+5,"")))))) -> 1 | GA60: 1
A61: 60 | B61: 1 | C61: 1 | D61: 0 | E61: 16411 | F61: 44607 | G61: =DATEDIF(E61,F61,"M")/12 -> 77.166667 | H61: 72 | I61: =G61-H61 -> 5.1666667 | J61: 0 | K61: 0 | L61: 0 | M61: 0 | N61: 1 | O61: 2 | P61: 1 | Q61: 4 | R61: 3 | S61: 1 | T61: 1 | U61: 1 | V61: 1 | W61: 1 | X61: 2 | Y61: 2 | Z61: 5 | AA61: 2 | AB61: 5 | AC61: 2 | AD61: 2 | AE61: 1 | AF61: 0 | AG61: 0 | AH61: 1 | AI61: =AJ61*ledd!$B$2+AK61*ledd!$B$3+AL61*ledd!$B$4+AM61*ledd!$B$5+AN61*ledd!$B$6+AO61*ledd!$B$7+AP61*ledd!$B$8+AQ61*ledd!$B$9+AR61*ledd!$B$10+AS61*ledd!$B$11+AT61*ledd!$B$12+AU61*ledd!$B$13+AV61*ledd!$B$14+AW61*ledd!$B$15+AX61*ledd!$B$16 -> 502 | AJ61: 450 | AK61: 0 | AL61: 0 | AM61: 0 | AN61: 0.52 | AO61: 0 | AP61: 0 | AQ61: 0 | AR61: 0 | AS61: 0 | AT61: 0 | AU61: 0 | AV61: 0 | AW61: 0 | AX61: 0 | AY61: 2 | AZ61: 2 | BA61: 2 | BB61: 2 | BC61: 4 | BD61: 4 | BE61: 3 | BF61: 4 | BG61: 4 | BH61: 3 | BI61: 1 | BJ61: 2 | BK61: 3 | BL61: 3 | BM61: 1 | BN61: 1 | BO61: 0 | BP61: 1 | BQ61: 1 | BR61: 1 | BS61: 1 | BT61: 1 | BU61: 3 | BV61: 1 | BW61: 2 | BX61: 0 | BY61: 2 | BZ61: 1 | CA61: 0 | CB61: 1 | CC61: 0 | CD61: 1 | CE61: 1 | CF61: 3 | CG61: 0 | CH61: 1 | CI61: 2 | CJ61: 0 | CK61: 1 | CL61: 1 | CM61: =(SUM(AZ61:BI61)*100/40) -> 72.5 | CN61: =SUM(BJ61:BO61)*100/24 -> 41.666667 | CO61: =SUM(BP61:BU61)*100/24 -> 33.333333 | CP61: =SUM(BV61:BY61)*100/16 -> 31.25 | CQ61: =SUM(BZ61:CB61)*100/12 -> 16.666667 | CR61: =SUM(CC61:CF61)*100/16 -> 31.25 | CS61: =SUM(CG61:CI61)*100/12 -> 25 | CT61: =SUM(CJ61:CL61)*100/12 -> 16.666667 | CU61: =SUM(CM61:CT61)/8 -> 33.541667 | CV61: 0 | CW61: 3 | CX61: 0 | CY61: 0 | CZ61: 0 | DA61: 0 | DB61: 0 | DC61: 2 | DD61: 0 | DE61: 2 | DF61: 0 | DG61: 0 | DH61: 0 | DI61: 0 | DJ61: 0 | DK61: =SUM(CV61:DA61,DC61:DI61) -> 7 | DL61: 0 | DM61: 0 | DN61: 0 | DO61: 0 | DP61: 3 | DQ61: 3 | DR61: 0 | DS61: 0 | DT61: 0 | DU61: 0 | DV61: 0 | DW61: 0 | DX61: 0 | DY61: =SUM(DL61:DX61) -> 6 | DZ61: 0 | EA61: 1 | EB61: 0 | EC61: 0 | ED61: 0 | EE61: 0 | EF61: 0 | EG61: 0 | EH61: 0 | EI61: 0 | EJ61: 0 | EK61: 0 | EL61: 0 | EM61: 0 | EN61: 0 | EO61: 0 | EP61: 0 | EQ61: 0 | ER61: 0 | ES61: 0 | ET61: 0 | EU61: 0 | EV61: 1 | EW61: 0 | EX61: 0 | EY61: 0 | EZ61: 0 | FA61: 0 | FB61: 0 | FC61: 0 | FD61: 0 | FE61: 0 | FF61: 0 | FG61: =SUM(DZ61:FF61) -> 2 | FH61: 0 | FI61: 0 | FJ61: 0 | FK61: 0 | FL61: 0 | FM61: 0 | FN61: =SUM(FH61:FM61) -> 0 | FO61: =SUM(DK61,DY61,FG61,FN61) -> 15 | FP61: 11 | FQ61: 4 | FR61: 3 | FS61: 6 | FT61: 3 | FU61: 2 | FV61: 3 | FW61: 6 | FX61: =SUM(FQ61:FW61) -> 27 | FY61: 0 | FZ61: =IF($G61<=50,$FY61+0,IF(AND($G61<60,$G61>50),$FY61+1,IF(AND($G61<70,$G61>60),$FY61+2,IF(AND($G61<80,$G61>70),$FY61+3,IF(AND($G61<90,$G61>80),$FY61+4,IF($G61>=90,$FY61+5,"")))))) -> 3 | GA61: 0
A62: 61 | B62: 1 | C62: 1 | D62: 1 | E62: 19484 | F62: 44613 | G62: =DATEDIF(E62,F62,"M")/12 -> 68.75 | H62: 50 | I62: =G62-H62 -> 18.75 | J62: 11 | K62: 3 | L62: 8 | M62: 0 | N62: 1 | O62: 0 | P62: 3 | Q62: 2 | R62: 1 | S62: 1 | T62: 0 | U62: 0 | V62: 1 | W62: 1 | X62: 1 | Y62: 2 | Z62: 0 | AA62: 2 | AB62: 1 | AC62: 0 | AD62: 6 | AE62: 1 | AF62: 0 | AG62: 0 | AH62: 0 | AI62: =AJ62*ledd!$B$2+AK62*ledd!$B$3+AL62*ledd!$B$4+AM62*ledd!$B$5+AN62*ledd!$B$6+AO62*ledd!$B$7+AP62*ledd!$B$8+AQ62*ledd!$B$9+AR62*ledd!$B$10+AS62*ledd!$B$11+AT62*ledd!$B$12+AU62*ledd!$B$13+AV62*ledd!$B$14+AW62*ledd!$B$15+AX62*ledd!$B$16 -> 826.5 | AJ62: 600 | AK62: 0 | AL62: 0 | AM62: 0 | AN62: 2.1 | AO62: 0 | AP62: 0 | AQ62: 0 | AR62: 0 | AS62: 0 | AT62: 0 | AU62: 0 | AV62: 0 | AW62: 0 | AX62: 50 | AY62: 2 | AZ62: 3 | BA62: 1 | BB62: 4 | BC62: 2 | BD62: 0 | BE62: 2 | BF62: 3 | BG62: 0 | BH62: 4 | BI62: 0 | BJ62: 0 | BK62: 0 | BL62: 2 | BM62: 4 | BN62: 0 | BO62: 0 | BP62: 2 | BQ62: 3 | BR62: 2 | BS62: 3 | BT62: 1 | BU62: 2 | BV62: 1 | BW62: 1 | BX62: 1 | BY62: 1 | BZ62: 0 | CA62: 0 | CB62: 2 | CC62: 4 | CD62: 1 | CE62: 1 | CF62: 1 | CG62: 3 | CH62: 1 | CI62: 1 | CJ62: 1 | CK62: 1 | CL62: 1 | CM62: =(SUM(AZ62:BI62)*100/40) -> 47.5 | CN62: =SUM(BJ62:BO62)*100/24 -> 25 | CO62: =SUM(BP62:BU62)*100/24 -> 54.166667 | CP62: =SUM(BV62:BY62)*100/16 -> 25 | CQ62: =SUM(BZ62:CB62)*100/12 -> 16.666667 | CR62: =SUM(CC62:CF62)*100/16 -> 43.75 | CS62: =SUM(CG62:CI62)*100/12 -> 41.666667 | CT62: =SUM(CJ62:CL62)*100/12 -> 25 | CU62: =SUM(CM62:CT62)/8 -> 34.84375 | CV62: 0 | CW62: 1 | CX62: 3 | CY62: 0 | CZ62: 0 | DA62: 0 | DB62: 0 | DC62: 3 | DD62: 1 | DE62: 3 | DF62: 0 | DG62: 3 | DH62: 0 | DI62: 1 | DJ62: 0 | DK62: =SUM(CV62:DA62,DC62:DI62) -> 15 | DL62: 2 | DM62: 3 | DN62: 1 | DO62: 0 | DP62: 0 | DQ62: 0 | DR62: 4 | DS62: 0 | DT62: 0 | DU62: 0 | DV62: 0 | DW62: 0 | DX62: 4 | DY62: =SUM(DL62:DX62) -> 14 | DZ62: 2 | EA62: 2 | EB62: 1 | EC62: 0 | ED62: 0 | EE62: 1 | EF62: 1 | EG62: 1 | EH62: 3 | EI62: 0 | EJ62: 0 | EK62: 0 | EL62: 1 | EM62: 2 | EN62: 2 | EO62: 1 | EP62: 1 | EQ62: 0 | ER62: 2 | ES62: 0 | ET62: 3 | EU62: 2 | EV62: 0 | EW62: 0 | EX62: 0 | EY62: 0 | EZ62: 0 | FA62: 0 | FB62: 0 | FC62: 0 | FD62: 0 | FE62: 0 | FF62: 0 | FG62: =SUM(DZ62:FF62) -> 25 | FH62: 1 | FI62: 2 | FJ62: 0 | FK62: 0 | FL62: 0 | FM62: 0 | FN62: =SUM(FH62:FM62) -> 3 | FO62: =SUM(DK62,DY62,FG62,FN62) -> 57 | FP62: 13 | FQ62: 1 | FR62: 3 | FS62: 6 | FT62: 2 | FU62: 1 | FV62: 4 | FW62: 6 | FX62: =SUM(FQ62:FW62) -> 23 | FY62: 0 | FZ62: =IF($G62<=50,$FY62+0,IF(AND($G62<60,$G62>50),$FY62+1,IF(AND($G62<70,$G62>60),$FY62+2,IF(AND($G62<80,$G62>70),$FY62+3,IF(AND($G62<90,$G62>80),$FY62+4,IF($G62>=90,$FY62+5,"")))))) -> 2 | GA62: 1
A63: 62 | B63: 1 | C63: 1 | D63: 0 | E63: 25028 | F63: 44655 | G63: =DATEDIF(E63,F63,"M")/12 -> 53.666667 | H63: 34 | I63: =G63-H63 -> 19.666667 | J63: 0 | K63: 1 | L63: 0 | M63: 3 | N63: NA | O63: 2 | P63: 1 | Q63: 1 | R63: 0 | S63: 0 | T63: 0 | U63: 0 | V63: 1 | W63: 1 | X63: 2 | Y63: 2 | Z63: 0 | AA63: 0 | AC63: 0 | AD63: 0 | AE63: 1 | AF63: 0 | AG63: 0 | AH63: 0 | AI63: =AJ63*ledd!$B$2+AK63*ledd!$B$3+AL63*ledd!$B$4+AM63*ledd!$B$5+AN63*ledd!$B$6+AO63*ledd!$B$7+AP63*ledd!$B$8+AQ63*ledd!$B$9+AR63*ledd!$B$10+AS63*ledd!$B$11+AT63*ledd!$B$12+AU63*ledd!$B$13+AV63*ledd!$B$14+AW63*ledd!$B$15+AX63*ledd!$B$16 -> 791 | AJ63: 400 | AK63: 100 | AL63: 800 | AM63: 0 | AN63: 0.52 | AO63: 0 | AP63: 0 | AQ63: 0 | AR63: 0 | AS63: 0 | AT63: 0 | AU63: 0 | AV63: 0 | AW63: 0 | AX63: 0 | AY63: 2 | AZ63: 1 | BA63: 1 | BB63: 1 | BC63: 0 | BD63: 0 | BE63: 1 | BF63: 2 | BG63: 0 | BH63: 1 | BI63: 1 | BJ63: 0 | BK63: 0 | BL63: 0 | BM63: 4 | BN63: 3 | BO63: 1 | BP63: 1 | BQ63: 0 | BR63: 0 | BS63: 1 | BT63: 0 | BU63: 0 | BV63: 0 | BW63: 1 | BX63: 0 | BY63: 0 | BZ63: 0 | CA63: 0 | CB63: 0 | CC63: 0 | CD63: 1 | CE63: 0 | CF63: 1 | CG63: 1 | CH63: 0 | CI63: 1 | CJ63: 2 | CK63: 2 | CL63: 1 | CM63: =(SUM(AZ63:BI63)*100/40) -> 20 | CN63: =SUM(BJ63:BO63)*100/24 -> 33.333333 | CO63: =SUM(BP63:BU63)*100/24 -> 8.3333333 | CP63: =SUM(BV63:BY63)*100/16 -> 6.25 | CQ63: =SUM(BZ63:CB63)*100/12 -> 0 | CR63: =SUM(CC63:CF63)*100/16 -> 12.5 | CS63: =SUM(CG63:CI63)*100/12 -> 16.666667 | CT63: =SUM(CJ63:CL63)*100/12 -> 41.666667 | CU63: =SUM(CM63:CT63)/8 -> 17.34375 | CV63: 0 | CW63: 0 | CX63: 0 | CY63: 0 | CZ63: 0 | DA63: 0 | DB63: 0 | DC63: 0 | DD63: 0 | DE63: 0 | DF63: 0 | DG63: 0 | DH63: 0 | DI63: 0 | DJ63: 0 | DK63: =SUM(CV63:DA63,DC63:DI63) -> 0 | DL63: 1 | DM63: 0 | DN63: 0 | DO63: 3 | DP63: 0 | DQ63: 0 | DR63: 4 | DS63: 0 | DT63: 2 | DU63: 1 | DV63: 0 | DW63: 0 | DX63: 3 | DY63: =SUM(DL63:DX63) -> 14 | DZ63: 1 | EA63: 2 | EB63: 1 | EC63: 3 | ED63: 2 | EE63: 2 | EF63: 2 | EG63: 1 | EH63: 2 | EI63: 1 | EJ63: 3 | EK63: 1 | EL63: 3 | EM63: 1 | EN63: 2 | EO63: 0 | EP63: 0 | EQ63: 0 | ER63: 1 | ES63: 0 | ET63: 0 | EU63: 2 | EV63: 1 | EW63: 0 | EX63: 1 | EY63: 0 | EZ63: 1 | FA63: 0 | FB63: 0 | FC63: 0 | FD63: 1 | FE63: 0 | FF63: 1 | FG63: =SUM(DZ63:FF63) -> 35 | FH63: 1 | FI63: 0 | FJ63: 0 | FK63: 0 | FL63: 0 | FM63: 0 | FN63: =SUM(FH63:FM63) -> 1 | FO63: =SUM(DK63,DY63,FG63,FN63) -> 50 | FP63: 5 | FQ63: 5 | FR63: 3 | FS63: 6 | FT63: 3 | FU63: 2 | FV63: 4 | FW63: 6 | FX63: =SUM(FQ63:FW63) -> 29 | FY63: 0 | FZ63: =IF($G63<=50,$FY63+0,IF(AND($G63<60,$G63>50),$FY63+1,IF(AND($G63<70,$G63>60),$FY63+2,IF(AND($G63<80,$G63>70),$FY63+3,IF(AND($G63<90,$G63>80),$FY63+4,IF($G63>=90,$FY63+5,"")))))) -> 1 | GA63: 1
A64: 63 | B64: 1 | C64: 1 | D64: 1 | E64: 24357 | F64: 44658 | G64: =DATEDIF(E64,F64,"M")/12 -> 55.583333 | H64: 45 | I64: =G64-H64 -> 10.583333 | J64: 0 | K64: 1 | L64: 8 | M64: 0 | N64: 2 | O64: 0 | P64: 3 | Q64: 4 | R64: 3 | S64: 1 | T64: 1 | U64: 0 | V64: 1 | W64: 1 | X64: 2 | Y64: 2 | Z64: 0 | AA64: 2 | AB64: 0 | AC64: 0 | AD64: 6 | AE64: 1 | AF64: 0 | AG64: 0 | AH64: 0 | AI64: =AJ64*ledd!$B$2+AK64*ledd!$B$3+AL64*ledd!$B$4+AM64*ledd!$B$5+AN64*ledd!$B$6+AO64*ledd!$B$7+AP64*ledd!$B$8+AQ64*ledd!$B$9+AR64*ledd!$B$10+AS64*ledd!$B$11+AT64*ledd!$B$12+AU64*ledd!$B$13+AV64*ledd!$B$14+AW64*ledd!$B$15+AX64*ledd!$B$16 -> 540 | AJ64: 150 | AK64: 0 | AL64: 0 | AM64: 0 | AN64: 0 | AO64: 0 | AP64: 8 | AQ64: 0 | AR64: 0 | AS64: 0 | AT64: 150 | AU64: 0 | AV64: 0 | AW64: 0 | AX64: 0 | AY64: 2 | AZ64: 0 | BA64: 0 | BB64: 0 | BC64: 0 | BD64: 0 | BE64: 0 | BF64: 0 | BG64: 0 | BH64: 0 | BI64: 0 | BJ64: 0 | BK64: 0 | BL64: 0 | BM64: 0 | BN64: 0 | BO64: 0 | BP64: 0 | BQ64: 0 | BR64: 0 | BS64: 0 | BT64: 0 | BU64: 0 | BV64: 0 | BW64: 0 | BX64: 0 | BY64: 0 | BZ64: 0 | CA64: 0 | CB64: 0 | CC64: 0 | CD64: 0 | CE64: 0 | CF64: 0 | CG64: 0 | CH64: 0 | CI64: 0 | CJ64: 0 | CK64: 0 | CL64: 0 | CM64: =(SUM(AZ64:BI64)*100/40) -> 0 | CN64: =SUM(BJ64:BO64)*100/24 -> 0 | CO64: =SUM(BP64:BU64)*100/24 -> 0 | CP64: =SUM(BV64:BY64)*100/16 -> 0 | CQ64: =SUM(BZ64:CB64)*100/12 -> 0 | CR64: =SUM(CC64:CF64)*100/16 -> 0 | CS64: =SUM(CG64:CI64)*100/12 -> 0 | CT64: =SUM(CJ64:CL64)*100/12 -> 0 | CU64: =SUM(CM64:CT64)/8 -> 0 | CV64: 1 | CW64: 2 | CX64: 0 | CY64: 0 | CZ64: 0 | DA64: 0 | DB64: 0 | DC64: 1 | DD64: 2 | DE64: 0 | DF64: 0 | DG64: 0 | DH64: 0 | DI64: 2 | DJ64: 0 | DK64: =SUM(CV64:DA64,DC64:DI64) -> 8 | DL64: 0 | DM64: 3 | DN64: 3 | DO64: 1 | DP64: 0 | DQ64: 0 | DR64: 3 | DS64: 1 | DT64: 1 | DU64: 1 | DV64: 1 | DW64: 0 | DX64: 1 | DY64: =SUM(DL64:DX64) -> 15 | DZ64: 0 | EA64: 2 | EB64: 0 | EC64: 0 | ED64: 0 | EE64: 0 | EF64: 0 | EG64: 2 | EH64: 1 | EI64: 1 | EJ64: 0 | EK64: 0 | EL64: 0 | EM64: 2 | EN64: 0 | EO64: 0 | EP64: 0 | EQ64: 0 | ER64: 2 | ES64: 0 | ET64: 0 | EU64: 1 | EV64: 0 | EW64: 0 | EX64: 1 | EY64: 0 | EZ64: 1 | FA64: 0 | FB64: 1 | FC64: 0 | FD64: 0 | FE64: 0 | FF64: 1 | FG64: =SUM(DZ64:FF64) -> 15 | FH64: 1 | FI64: 1 | FJ64: 1 | FK64: 2 | FL64: 4 | FM64: 0 | FN64: =SUM(FH64:FM64) -> 9 | FO64: =SUM(DK64,DY64,FG64,FN64) -> 47 | FP64: 1 | FQ64: 5 | FR64: 3 | FS64: 6 | FT64: 3 | FU64: 2 | FV64: 3 | FW64: 6 | FX64: =SUM(FQ64:FW64) -> 28 | FY64: 0 | FZ64: =IF($G64<=50,$FY64+0,IF(AND($G64<60,$G64>50),$FY64+1,IF(AND($G64<70,$G64>60),$FY64+2,IF(AND($G64<80,$G64>70),$FY64+3,IF(AND($G64<90,$G64>80),$FY64+4,IF($G64>=90,$FY64+5,"")))))) -> 1 | GA64: 1
A65: 64 | B65: 1 | C65: 1 | D65: 0 | E65: 20201 | F65: 44663 | G65: =DATEDIF(E65,F65,"M")/12 -> 66.916667 | H65: 56 | I65: =G65-H65 -> 10.916667 | J65: 0 | K65: 5 | L65: 0 | M65: 0 | N65: 1 | O65: 0 | P65: 3 | Q65: 2 | R65: 1 | S65: 1 | T65: 1 | U65: 0 | V65: 1 | W65: 1 | X65: 3 | Y65: 3 | Z65: 1 | AA65: 0 | AC65: 1 | AD65: 6 | AE65: 1 | AF65: 0 | AG65: 0 | AH65: 1 | AI65: =AJ65*ledd!$B$2+AK65*ledd!$B$3+AL65*ledd!$B$4+AM65*ledd!$B$5+AN65*ledd!$B$6+AO65*ledd!$B$7+AP65*ledd!$B$8+AQ65*ledd!$B$9+AR65*ledd!$B$10+AS65*ledd!$B$11+AT65*ledd!$B$12+AU65*ledd!$B$13+AV65*ledd!$B$14+AW65*ledd!$B$15+AX65*ledd!$B$16 -> 616.5 | AJ65: 300 | AK65: 0 | AL65: 0 | AM65: 0 | AN65: 0 | AO65: 10 | AP65: 0 | AQ65: 0 | AR65: 0 | AS65: 1 | AT65: 0 | AU65: 0 | AV65: 0 | AW65: 0 | AX65: 50 | AY65: 2 | AZ65: 1 | BA65: 1 | BB65: 1 | BC65: 0 | BD65: 0 | BE65: 2 | BF65: 2 | BG65: 1 | BH65: 2 | BI65: 1 | BJ65: 1 | BK65: 1 | BL65: 2 | BM65: 3 | BN65: 2 | BO65: 2 | BP65: 2 | BQ65: 2 | BR65: 1 | BS65: 1 | BT65: 2 | BU65: 3 | BV65: 0 | BW65: 1 | BX65: 1 | BY65: 0 | BZ65: 0 | CA65: 0 | CB65: 0 | CC65: 1 | CD65: 1 | CE65: 1 | CF65: 1 | CG65: 1 | CH65: 1 | CI65: 2 | CJ65: 1 | CK65: 1 | CL65: 1 | CM65: =(SUM(AZ65:BI65)*100/40) -> 27.5 | CN65: =SUM(BJ65:BO65)*100/24 -> 45.833333 | CO65: =SUM(BP65:BU65)*100/24 -> 45.833333 | CP65: =SUM(BV65:BY65)*100/16 -> 12.5 | CQ65: =SUM(BZ65:CB65)*100/12 -> 0 | CR65: =SUM(CC65:CF65)*100/16 -> 25 | CS65: =SUM(CG65:CI65)*100/12 -> 33.333333 | CT65: =SUM(CJ65:CL65)*100/12 -> 25 | CU65: =SUM(CM65:CT65)/8 -> 26.875 | CV65: 1 | CW65: 0 | CX65: 2 | CY65: 0 | CZ65: 0 | DA65: 0 | DB65: 0 | DC65: 1 | DD65: 3 | DE65: 1 | DF65: 0 | DG65: 1 | DH65: 1 | DI65: 0 | DJ65: 0 | DK65: =SUM(CV65:DA65,DC65:DI65) -> 10 | DL65: 0 | DM65: 1 | DN65: 0 | DO65: 0 | DP65: 0 | DQ65: 0 | DR65: 2 | DS65: 1 | DT65: 0 | DU65: 0 | DV65: 0 | DW65: 0 | DX65: 0 | DY65: =SUM(DL65:DX65) -> 4 | DZ65: 0 | EA65: 1 | EB65: 0 | EC65: 0 | ED65: 0 | EE65: 0 | EF65: 0 | EG65: 1 | EH65: 0 | EI65: 1 | EJ65: 0 | EK65: 1 | EL65: 0 | EM65: 0 | EN65: 0 | EO65: 0 | EP65: 0 | EQ65: 0 | ER65: 0 | ES65: 0 | ET65: 1 | EU65: 0 | EV65: 1 | EW65: 1 | EX65: 0 | EY65: 1 | EZ65: 0 | FA65: 1 | FB65: 0 | FC65: 0 | FD65: 0 | FE65: 0 | FF65: 1 | FG65: =SUM(DZ65:FF65) -> 10 | FH65: 0 | FI65: 0 | FJ65: 1 | FK65: 2 | FL65: 0 | FM65: 0 | FN65: =SUM(FH65:FM65) -> 3 | FO65: =SUM(DK65,DY65,FG65,FN65) -> 27 | FP65: 16 | FQ65: 5 | FR65: 3 | FS65: 6 | FT65: 3 | FU65: 2 | FV65: 3 | FW65: 6 | FX65: =SUM(FQ65:FW65) -> 28 | FY65: 0 | FZ65: =IF($G65<=50,$FY65+0,IF(AND($G65<60,$G65>50),$FY65+1,IF(AND($G65<70,$G65>60),$FY65+2,IF(AND($G65<80,$G65>70),$FY65+3,IF(AND($G65<90,$G65>80),$FY65+4,IF($G65>=90,$FY65+5,"")))))) -> 2 | GA65: 0
A66: 65 | B66: 1 | C66: 1 | D66: 0 | E66: 21739 | F66: 44664 | G66: =DATEDIF(E66,F66,"M")/12 -> 62.75 | H66: 48 | I66: =G66-H66 -> 14.75 | J66: 0 | K66: 1 | L66: 0 | M66: 0 | N66: 2 | O66: 0 | P66: 3 | Q66: 2 | R66: 1 | S66: 1 | T66: 1 | U66: 0 | V66: 1 | W66: 1 | X66: 0 | Y66: 0 | AA66: 0 | AC66: 0 | AD66: 6 | AE66: 0 | AF66: 0 | AG66: 0 | AH66: 0 | AI66: =AJ66*ledd!$B$2+AK66*ledd!$B$3+AL66*ledd!$B$4+AM66*ledd!$B$5+AN66*ledd!$B$6+AO66*ledd!$B$7+AP66*ledd!$B$8+AQ66*ledd!$B$9+AR66*ledd!$B$10+AS66*ledd!$B$11+AT66*ledd!$B$12+AU66*ledd!$B$13+AV66*ledd!$B$14+AW66*ledd!$B$15+AX66*ledd!$B$16 -> 150 | AJ66: 150 | AK66: 0 | AL66: 0 | AM66: 0 | AN66: 0 | AO66: 0 | AP66: 0 | AQ66: 0 | AR66: 0 | AS66: 0 | AT66: 0 | AU66: 0 | AV66: 0 | AW66: 0 | AX66: 0 | AY66: 2 | AZ66: 2 | BA66: 1 | BB66: 0 | BC66: 2 | BD66: 1 | BE66: 0 | BF66: 3 | BG66: 2 | BH66: 3 | BI66: 2 | BJ66: 0 | BK66: 0 | BL66: 0 | BM66: 1 | BN66: 0 | BO66: 0 | BP66: 2 | BQ66: 2 | BR66: 2 | BS66: 1 | BT66: 2 | BU66: 2 | BV66: 2 | BW66: 0 | BX66: 2 | BY66: 2 | BZ66: 0 | CA66: 0 | CB66: 0 | CC66: 0 | CD66: 1 | CE66: 2 | CF66: 0 | CG66: 0 | CH66: 0 | CI66: 0 | CJ66: 2 | CK66: 2 | CL66: 1 | CM66: =(SUM(AZ66:BI66)*100/40) -> 40 | CN66: =SUM(BJ66:BO66)*100/24 -> 4.1666667 | CO66: =SUM(BP66:BU66)*100/24 -> 45.833333 | CP66: =SUM(BV66:BY66)*100/16 -> 37.5 | CQ66: =SUM(BZ66:CB66)*100/12 -> 0 | CR66: =SUM(CC66:CF66)*100/16 -> 18.75 | CS66: =SUM(CG66:CI66)*100/12 -> 0 | CT66: =SUM(CJ66:CL66)*100/12 -> 41.666667 | CU66: =SUM(CM66:CT66)/8 -> 23.489583 | CV66: 0 | CW66: 0 | CX66: 3 | CY66: 0 | CZ66: 0 | DA66: 0 | DB66: 0 | DC66: 2 | DD66: 1 | DE66: 1 | DF66: 1 | DG66: 0 | DH66: 0 | DI66: 0 | DJ66: 0 | DK66: =SUM(CV66:DA66,DC66:DI66) -> 8 | DL66: 0 | DM66: 1 | DN66: 0 | DO66: 0 | DP66: 0 | DQ66: 0 | DR66: 1 | DS66: 2 | DT66: 1 | DU66: 1 | DV66: 0 | DW66: 0 | DX66: 0 | DY66: =SUM(DL66:DX66) -> 6 | DZ66: 0 | EA66: 0 | EB66: 0 | EC66: 2 | ED66: 1 | EE66: 0 | EF66: 0 | EG66: 1 | EH66: 0 | EI66: 1 | EJ66: 0 | EK66: 4 | EL66: 0 | EM66: 0 | EN66: 0 | EO66: 0 | EP66: 0 | EQ66: 0 | ER66: 3 | ES66: 2 | ET66: 0 | EU66: 2 | EV66: 1 | EW66: 1 | EX66: 0 | EY66: 1 | EZ66: 0 | FA66: 1 | FB66: 0 | FC66: 0 | FD66: 0 | FE66: 0 | FF66: 1 | FG66: =SUM(DZ66:FF66) -> 21 | FH66: 0 | FI66: 0 | FJ66: 0 | FK66: 0 | FL66: 0 | FM66: 0 | FN66: =SUM(FH66:FM66) -> 0 | FO66: =SUM(DK66,DY66,FG66,FN66) -> 35 | FP66: 12 | FQ66: 5 | FR66: 3 | FS66: 6 | FT66: 3 | FU66: 2 | FV66: 5 | FW66: 6 | FX66: =SUM(FQ66:FW66) -> 30 | FY66: 0 | FZ66: =IF($G66<=50,$FY66+0,IF(AND($G66<60,$G66>50),$FY66+1,IF(AND($G66<70,$G66>60),$FY66+2,IF(AND($G66<80,$G66>70),$FY66+3,IF(AND($G66<90,$G66>80),$FY66+4,IF($G66>=90,$FY66+5,"")))))) -> 2 | GA66: 1
A67: 66 | B67: 1 | C67: 1 | D67: 1 | E67: 24821 | F67: 44672 | G67: =DATEDIF(E67,F67,"M")/12 -> 54.333333 | H67: 51 | I67: =G67-H67 -> 3.3333333 | J67: 0 | K67: 1 | L67: 1 | M67: 0 | N67: 2 | O67: 0 | P67: 3 | Q67: 4 | R67: 3 | S67: 0 | T67: 0 | U67: 0 | V67: 1 | W67: 1 | X67: 0 | Y67: 1 | Z67: 0 | AA67: 0 | AC67: 0 | AD67: 0 | AE67: 1 | AF67: 0 | AG67: 0 | AH67: 0 | AI67: =AJ67*ledd!$B$2+AK67*ledd!$B$3+AL67*ledd!$B$4+AM67*ledd!$B$5+AN67*ledd!$B$6+AO67*ledd!$B$7+AP67*ledd!$B$8+AQ67*ledd!$B$9+AR67*ledd!$B$10+AS67*ledd!$B$11+AT67*ledd!$B$12+AU67*ledd!$B$13+AV67*ledd!$B$14+AW67*ledd!$B$15+AX67*ledd!$B$16 -> 460 | AJ67: 300 | AK67: 0 | AL67: 0 | AM67: 0 | AN67: 0 | AO67: 8 | AP67: 0 | AQ67: 0 | AR67: 0 | AS67: 0 | AT67: 0 | AU67: 0 | AV67: 0 | AW67: 0 | AX67: 0 | AY67: 2 | AZ67: 0 | BA67: 0 | BB67: 0 | BC67: 0 | BD67: 0 | BE67: 0 | BF67: 1 | BG67: 0 | BH67: 0 | BI67: 0 | BJ67: 0 | BK67: 0 | BL67: 0 | BM67: 1 | BN67: 0 | BO67: 1 | BP67: 0 | BQ67: 0 | BR67: 0 | BS67: 0 | BT67: 0 | BU67: 1 | BV67: 1 | BW67: 1 | BX67: 0 | BY67: 1 | BZ67: 0 | CA67: 0 | CB67: 0 | CC67: 0 | CD67: 1 | CE67: 1 | CF67: 0 | CG67: 1 | CH67: 0 | CI67: 1 | CJ67: 0 | CK67: 0 | CL67: 0 | CM67: =(SUM(AZ67:BI67)*100/40) -> 2.5 | CN67: =SUM(BJ67:BO67)*100/24 -> 8.3333333 | CO67: =SUM(BP67:BU67)*100/24 -> 4.1666667 | CP67: =SUM(BV67:BY67)*100/16 -> 18.75 | CQ67: =SUM(BZ67:CB67)*100/12 -> 0 | CR67: =SUM(CC67:CF67)*100/16 -> 12.5 | CS67: =SUM(CG67:CI67)*100/12 -> 16.666667 | CT67: =SUM(CJ67:CL67)*100/12 -> 0 | CU67: =SUM(CM67:CT67)/8 -> 7.8645833 | CV67: 1 | CW67: 0 | CX67: 0 | CY67: 0 | CZ67: 0 | DA67: 0 | DB67: 0 | DC67: 0 | DD67: 0 | DE67: 0 | DF67: 1 | DG67: 0 | DH67: 0 | DI67: 0 | DJ67: 0 | DK67: =SUM(CV67:DA67,DC67:DI67) -> 2 | DL67: 0 | DM67: 2 | DN67: 1 | DO67: 0 | DP67: 0 | DQ67: 0 | DR67: 1 | DS67: 0 | DT67: 0 | DU67: 2 | DV67: 0 | DW67: 0 | DX67: 0 | DY67: =SUM(DL67:DX67) -> 6 | DZ67: 0 | EA67: 1 | EB67: 0 | EC67: 0 | ED67: 0 | EE67: 0 | EF67: 0 | EG67: 0 | EH67: 1 | EI67: 0 | EJ67: 0 | EK67: 0 | EL67: 1 | EM67: 0 | EN67: 0 | EO67: 0 | EP67: 0 | EQ67: 0 | ER67: 1 | ES67: 0 | ET67: 0 | EU67: 1 | EV67: 0 | EW67: 0 | EX67: 1 | EY67: 0 | EZ67: 0 | FA67: 0 | FB67: 1 | FC67: 0 | FD67: 0 | FE67: 0 | FF67: 1 | FG67: =SUM(DZ67:FF67) -> 8 | FH67: 0 | FI67: 0 | FJ67: 0 | FK67: 0 | FL67: 0 | FM67: 0 | FN67: =SUM(FH67:FM67) -> 0 | FO67: =SUM(DK67,DY67,FG67,FN67) -> 16 | FP67: 10 | FQ67: 5 | FR67: 3 | FS67: 6 | FT67: 3 | FU67: 2 | FV67: 5 | FW67: 6 | FX67: =SUM(FQ67:FW67) -> 30 | FY67: 0 | FZ67: =IF($G67<=50,$FY67+0,IF(AND($G67<60,$G67>50),$FY67+1,IF(AND($G67<70,$G67>60),$FY67+2,IF(AND($G67<80,$G67>70),$FY67+3,IF(AND($G67<90,$G67>80),$FY67+4,IF($G67>=90,$FY67+5,"")))))) -> 1 | GA67: 0
A68: 67 | B68: 1 | C68: 1 | D68: 1 | E68: 26493 | F68: 44678 | G68: =DATEDIF(E68,F68,"M")/12 -> 49.75 | H68: 47 | I68: =G68-H68 -> 2.75 | J68: 0 | K68: 1 | L68: 0 | M68: 0 | N68: 6 | O68: 0 | P68: 1 | Q68: 2 | R68: 1 | S68: 0 | T68: 0 | U68: 0 | V68: 1 | W68: 1 | X68: 2 | Y68: 2 | Z68: 0 | AA68: 2 | AB68: 0 | AC68: 0 | AD68: 0 | AE68: 1 | AF68: 0 | AG68: 0 | AH68: 0 | AI68: =AJ68*ledd!$B$2+AK68*ledd!$B$3+AL68*ledd!$B$4+AM68*ledd!$B$5+AN68*ledd!$B$6+AO68*ledd!$B$7+AP68*ledd!$B$8+AQ68*ledd!$B$9+AR68*ledd!$B$10+AS68*ledd!$B$11+AT68*ledd!$B$12+AU68*ledd!$B$13+AV68*ledd!$B$14+AW68*ledd!$B$15+AX68*ledd!$B$16 -> 300 | AJ68: 300 | AK68: 0 | AL68: 0 | AM68: 0 | AN68: 0 | AO68: 0 | AP68: 0 | AQ68: 0 | AR68: 0 | AS68: 0 | AT68: 0 | AU68: 0 | AV68: 0 | AW68: 0 | AX68: 0 | AY68: 2 | AZ68: 0 | BA68: 0 | BB68: 0 | BC68: 0 | BD68: 0 | BE68: 0 | BF68: 0 | BG68: 0 | BH68: 0 | BI68: 0 | BJ68: 0 | BK68: 0 | BL68: 1 | BM68: 3 | BN68: 1 | BO68: 0 | BP68: 0 | BQ68: 0 | BR68: 0 | BS68: 0 | BT68: 0 | BU68: 1 | BV68: 0 | BW68: 0 | BX68: 0 | BY68: 0 | BZ68: 1 | CA68: 0 | CB68: 0 | CC68: 1 | CD68: 2 | CE68: 1 | CF68: 0 | CG68: 0 | CH68: 0 | CI68: 0 | CJ68: 0 | CK68: 1 | CL68: 0 | CM68: =(SUM(AZ68:BI68)*100/40) -> 0 | CN68: =SUM(BJ68:BO68)*100/24 -> 20.833333 | CO68: =SUM(BP68:BU68)*100/24 -> 4.1666667 | CP68: =SUM(BV68:BY68)*100/16 -> 0 | CQ68: =SUM(BZ68:CB68)*100/12 -> 8.3333333 | CR68: =SUM(CC68:CF68)*100/16 -> 25 | CS68: =SUM(CG68:CI68)*100/12 -> 0 | CT68: =SUM(CJ68:CL68)*100/12 -> 8.3333333 | CU68: =SUM(CM68:CT68)/8 -> 8.3333333 | CV68: 0 | CW68: 0 | CX68: 0 | CY68: 0 | CZ68: 0 | DA68: 0 | DB68: 0 | DC68: 0 | DD68: 1 | DE68: 0 | DF68: 1 | DG68: 0 | DH68: 0 | DI68: 1 | DJ68: 0 | DK68: =SUM(CV68:DA68,DC68:DI68) -> 3 | DL68: 0 | DM68: 2 | DN68: 0 | DO68: 1 | DP68: 0 | DQ68: 0 | DR68: 3 | DS68: 0 | DT68: 0 | DU68: 1 | DV68: 0 | DW68: 0 | DX68: 1 | DY68: =SUM(DL68:DX68) -> 8 | DZ68: 0 | EA68: 1 | EB68: 0 | EC68: 2 | ED68: 2 | EE68: 1 | EF68: 1 | EG68: 2 | EH68: 1 | EI68: 1 | EJ68: 0 | EK68: 1 | EL68: 0 | EM68: 0 | EN68: 1 | EO68: 0 | EP68: 0 | EQ68: 0 | ER68: 1 | ES68: 0 | ET68: 0 | EU68: 1 | EV68: 2 | EW68: 0 | EX68: 1 | EY68: 0 | EZ68: 0 | FA68: 0 | FB68: 1 | FC68: 0 | FD68: 1 | FE68: 0 | FF68: 3 | FG68: =SUM(DZ68:FF68) -> 23 | FH68: 0 | FI68: 0 | FJ68: 0 | FK68: 0 | FL68: 0 | FM68: 0 | FN68: =SUM(FH68:FM68) -> 0 | FO68: =SUM(DK68,DY68,FG68,FN68) -> 34 | FP68: 5 | FQ68: 5 | FR68: 3 | FS68: 6 | FT68: 3 | FU68: 2 | FV68: 3 | FW68: 6 | FX68: =SUM(FQ68:FW68) -> 28 | FY68: 0 | FZ68: =IF($G68<=50,$FY68+0,IF(AND($G68<60,$G68>50),$FY68+1,IF(AND($G68<70,$G68>60),$FY68+2,IF(AND($G68<80,$G68>70),$FY68+3,IF(AND($G68<90,$G68>80),$FY68+4,IF($G68>=90,$FY68+5,"")))))) -> 0 | GA68: 0
A69: 68 | B69: 1 | C69: 1 | D69: 0 | E69: 24107 | F69: 44691 | G69: =DATEDIF(E69,F69,"M")/12 -> 56.333333 | H69: 44 | I69: =G69-H69 -> 12.333333 | J69: 0 | K69: 3 | L69: 8 | M69: 0 | N69: 2 | O69: 0 | P69: 1 | Q69: 3 | R69: 2 | S69: 1 | T69: 0 | U69: 0 | V69: 1 | W69: 1 | X69: 3 | Y69: 2 | Z69: 0 | AA69: 2 | AB69: 0 | AC69: 0 | AD69: 6 | AE69: 1 | AF69: 0 | AG69: 0 | AH69: 0 | AI69: =AJ69*ledd!$B$2+AK69*ledd!$B$3+AL69*ledd!$B$4+AM69*ledd!$B$5+AN69*ledd!$B$6+AO69*ledd!$B$7+AP69*ledd!$B$8+AQ69*ledd!$B$9+AR69*ledd!$B$10+AS69*ledd!$B$11+AT69*ledd!$B$12+AU69*ledd!$B$13+AV69*ledd!$B$14+AW69*ledd!$B$15+AX69*ledd!$B$16 -> 840 | AJ69: 250 | AK69: 0 | AL69: 1000 | AM69: 0 | AN69: 0 | AO69: 8 | AP69: 0 | AQ69: 0 | AR69: 0 | AS69: 0 | AT69: 100 | AU69: 0 | AV69: 0 | AW69: 0 | AX69: 0 | AY69: 2 | AZ69: 1 | BA69: 1 | BB69: 1 | BC69: 2 | BD69: 2 | BE69: 1 | BF69: 2 | BG69: 0 | BH69: 1 | BI69: 1 | BJ69: 0 | BK69: 1 | BL69: 1 | BM69: 3 | BN69: 1 | BO69: 1 | BP69: 2 | BQ69: 1 | BR69: 1 | BS69: 1 | BT69: 2 | BU69: 2 | BV69: 1 | BW69: 0 | BX69: 1 | BY69: 2 | BZ69: 0 | CA69: 0 | CB69: 0 | CC69: 0 | CD69: 1 | CE69: 1 | CF69: 0 | CG69: 2 | CH69: 2 | CI69: 0 | CJ69: 3 | CK69: 4 | CL69: 0 | CM69: =(SUM(AZ69:BI69)*100/40) -> 30 | CN69: =SUM(BJ69:BO69)*100/24 -> 29.166667 | CO69: =SUM(BP69:BU69)*100/24 -> 37.5 | CP69: =SUM(BV69:BY69)*100/16 -> 25 | CQ69: =SUM(BZ69:CB69)*100/12 -> 0 | CR69: =SUM(CC69:CF69)*100/16 -> 12.5 | CS69: =SUM(CG69:CI69)*100/12 -> 33.333333 | CT69: =SUM(CJ69:CL69)*100/12 -> 58.333333 | CU69: =SUM(CM69:CT69)/8 -> 28.229167 | CV69: 0 | CW69: 0 | CX69: 0 | CY69: 0 | CZ69: 0 | DA69: 0 | DB69: 0 | DC69: 3 | DD69: 0 | DE69: 2 | DF69: 0 | DG69: 0 | DH69: 0 | DI69: 1 | DJ69: 0 | DK69: =SUM(CV69:DA69,DC69:DI69) -> 6 | DL69: 2 | DM69: 0 | DN69: 2 | DO69: 0 | DP69: 0 | DQ69: 0 | DR69: 3 | DS69: 0 | DT69: 2 | DU69: 0 | DV69: 2 | DW69: 2 | DX69: 0 | DY69: =SUM(DL69:DX69) -> 13 | DZ69: 0 | EA69: 0 | EB69: 0 | EC69: 0 | ED69: 0 | EE69: 0 | EF69: 0 | EG69: 0 | EH69: 0 | EI69: 0 | EJ69: 0 | EK69: 0 | EL69: 2 | EM69: 0 | EN69: 0 | EO69: 0 | EP69: 0 | EQ69: 0 | ER69: 2 | ES69: 1 | ET69: 3 | EU69: 2 | EV69: 1 | EW69: 0 | EX69: 0 | EY69: 0 | EZ69: 0 | FA69: 0 | FB69: 0 | FC69: 0 | FD69: 0 | FE69: 0 | FF69: 0 | FG69: =SUM(DZ69:FF69) -> 11 | FH69: 0 | FI69: 0 | FJ69: 1 | FK69: 0 | FL69: 0 | FM69: 0 | FN69: =SUM(FH69:FM69) -> 1 | FO69: =SUM(DK69,DY69,FG69,FN69) -> 31 | FP69: 8 | FQ69: 5 | FR69: 3 | FS69: 6 | FT69: 3 | FU69: 2 | FV69: 4 | FW69: 6 | FX69: =SUM(FQ69:FW69) -> 29 | FY69: 0 | FZ69: =IF($G69<=50,$FY69+0,IF(AND($G69<60,$G69>50),$FY69+1,IF(AND($G69<70,$G69>60),$FY69+2,IF(AND($G69<80,$G69>70),$FY69+3,IF(AND($G69<90,$G69>80),$FY69+4,IF($G69>=90,$FY69+5,"")))))) -> 1 | GA69: 1
A70: 69 | B70: 1 | C70: 1 | D70: 1 | E70: 24995 | F70: 44691 | G70: =DATEDIF(E70,F70,"M")/12 -> 53.916667 | H70: 44 | I70: =G70-H70 -> 9.9166667 | J70: 0 | K70: 0 | L70: 8 | M70: 2 | N70: NA | O70: 2 | P70: 0 | Q70: 3 | R70: 2 | S70: 1 | T70: 1 | U70: 0 | V70: 1 | W70: 1 | X70: 2 | Y70: 2 | Z70: 6 | AA70: 1 | AB70: 6 | AC70: NA | AD70: 6 | AE70: 0 | AF70: 0 | AG70: 0 | AH70: 0 | AI70: =AJ70*ledd!$B$2+AK70*ledd!$B$3+AL70*ledd!$B$4+AM70*ledd!$B$5+AN70*ledd!$B$6+AO70*ledd!$B$7+AP70*ledd!$B$8+AQ70*ledd!$B$9+AR70*ledd!$B$10+AS70*ledd!$B$11+AT70*ledd!$B$12+AU70*ledd!$B$13+AV70*ledd!$B$14+AW70*ledd!$B$15+AX70*ledd!$B$16 -> 575 | AJ70: 500 | AK70: 100 | AL70: 0 | AM70: 0 | AN70: 0 | AO70: 0 | AP70: 0 | AQ70: 0 | AR70: 0 | AS70: 0 | AT70: 0 | AU70: 0 | AV70: 0 | AW70: 0 | AX70: 0 | AY70: 4 | AZ70: 2 | BA70: 0 | BB70: 3 | BC70: 3 | BD70: 0 | BE70: 0 | BF70: 0 | BG70: 0 | BH70: 2 | BI70: 3 | BJ70: 3 | BK70: 3 | BL70: 3 | BM70: 3 | BN70: 2 | BO70: 0 | BP70: 2 | BQ70: 1 | BR70: 1 | BS70: 1 | BT70: 2 | BU70: 3 | BV70: 0 | BW70: 1 | BX70: 0 | BY70: 0 | BZ70: 2 | CA70: 0 | CB70: 2 | CC70: 1 | CD70: 2 | CE70: 2 | CF70: 1 | CG70: 0 | CH70: 0 | CI70: 1 | CJ70: 4 | CK70: 4 | CL70: 0 | CM70: =(SUM(AZ70:BI70)*100/40) -> 32.5 | CN70: =SUM(BJ70:BO70)*100/24 -> 58.333333 | CO70: =SUM(BP70:BU70)*100/24 -> 41.666667 | CP70: =SUM(BV70:BY70)*100/16 -> 6.25 | CQ70: =SUM(BZ70:CB70)*100/12 -> 33.333333 | CR70: =SUM(CC70:CF70)*100/16 -> 37.5 | CS70: =SUM(CG70:CI70)*100/12 -> 8.3333333 | CT70: =SUM(CJ70:CL70)*100/12 -> 66.666667 | CU70: =SUM(CM70:CT70)/8 -> 35.572917 | CV70: 1 | CW70: 0 | CX70: 3 | CY70: 0 | CZ70: 1 | DA70: 0 | DB70: 0 | DC70: 0 | DD70: 1 | DE70: 4 | DF70: 2 | DG70: 1 | DH70: 3 | DI70: 2 | DJ70: 0 | DK70: =SUM(CV70:DA70,DC70:DI70) -> 18 | DL70: 1 | DM70: 1 | DN70: 1 | DO70: 0 | DP70: 2 | DQ70: 0 | DR70: 4 | DS70: 4 | DT70: 4 | DU70: 1 | DV70: 4 | DW70: 4 | DX70: 3 | DY70: =SUM(DL70:DX70) -> 29 | DZ70: 1 | EA70: 0 | EB70: 1 | EC70: 2 | ED70: 2 | EE70: 2 | EF70: 2 | EG70: 0 | EH70: 0 | EI70: 11 | EJ70: 1 | EK70: 3 | EL70: 3 | EM70: 4 | EN70: 3 | EO70: 3 | EP70: 3 | EQ70: 2 | ER70: 3 | ES70: 3 | ET70: 3 | EU70: 4 | EV70: 3 | EW70: 1 | EX70: 1 | EY70: 0 | EZ70: 0 | FA70: 1 | FB70: 1 | FC70: 0 | FD70: 0 | FE70: 0 | FF70: 1 | FG70: =SUM(DZ70:FF70) -> 64 | FH70: 1 | FI70: 1 | FJ70: 1 | FK70: 3 | FL70: 2 | FM70: 2 | FN70: =SUM(FH70:FM70) -> 10 | FO70: =SUM(DK70,DY70,FG70,FN70) -> 121 | FP70: 7 | FQ70: 3 | FR70: 3 | FS70: 4 | FT70: 2 | FU70: 2 | FV70: 3 | FW70: 6 | FX70: =SUM(FQ70:FW70) -> 23 | FY70: 0 | FZ70: =IF($G70<=50,$FY70+0,IF(AND($G70<60,$G70>50),$FY70+1,IF(AND($G70<70,$G70>60),$FY70+2,IF(AND($G70<80,$G70>70),$FY70+3,IF(AND($G70<90,$G70>80),$FY70+4,IF($G70>=90,$FY70+5,"")))))) -> 1 | GA70: 0
A71: 70 | B71: 1 | C71: 1 | D71: 1 | E71: 17123 | F71: 44697 | G71: =DATEDIF(E71,F71,"M")/12 -> 75.416667 | H71: 59 | I71: =G71-H71 -> 16.416667 | J71: 0 | K71: 1 | L71: 8 | M71: 0 | N71: 2 | O71: 1 | P71: 1 | Q71: 2 | R71: 1 | S71: 1 | T71: 0 | U71: 0 | V71: 0 | W71: 0 | X71: 1 | Y71: 1 | Z71: 0 | AA71: 1 | AB71: 0 | AC71: 6 | AD71: 6 | AE71: 0 | AF71: 0 | AG71: 0 | AH71: 2 | AI71: =AJ71*ledd!$B$2+AK71*ledd!$B$3+AL71*ledd!$B$4+AM71*ledd!$B$5+AN71*ledd!$B$6+AO71*ledd!$B$7+AP71*ledd!$B$8+AQ71*ledd!$B$9+AR71*ledd!$B$10+AS71*ledd!$B$11+AT71*ledd!$B$12+AU71*ledd!$B$13+AV71*ledd!$B$14+AW71*ledd!$B$15+AX71*ledd!$B$16 -> 1636 | AJ71: 1000 | AK71: 0 | AL71: 1200 | AM71: 0 | AN71: 0 | AO71: 0 | AP71: 8 | AQ71: 0 | AR71: 0 | AS71: 0 | AT71: 0 | AU71: 0 | AV71: 0 | AW71: 0 | AX71: 0 | AY71: 4 | AZ71: 3 | BA71: 3 | BB71: 4 | BC71: 2 | BD71: 1 | BE71: 1 | BF71: 1 | BG71: 2 | BH71: 0 | BI71: 3 | BJ71: 3 | BK71: 3 | BL71: 4 | BM71: 4 | BN71: 2 | BO71: 3 | BP71: 0 | BQ71: 0 | BR71: 0 | BS71: 0 | BT71: 0 | BU71: 1 | BV71: 0 | BW71: 1 | BX71: 0 | BY71: 0 | BZ71: 0 | CA71: 0 | CB71: 0 | CC71: 0 | CD71: 2 | CE71: 2 | CF71: 0 | CG71: 3 | CH71: 0 | CI71: 0 | CJ71: 3 | CK71: 3 | CL71: 0 | CM71: =(SUM(AZ71:BI71)*100/40) -> 50 | CN71: =SUM(BJ71:BO71)*100/24 -> 79.166667 | CO71: =SUM(BP71:BU71)*100/24 -> 4.1666667 | CP71: =SUM(BV71:BY71)*100/16 -> 6.25 | CQ71: =SUM(BZ71:CB71)*100/12 -> 0 | CR71: =SUM(CC71:CF71)*100/16 -> 25 | CS71: =SUM(CG71:CI71)*100/12 -> 25 | CT71: =SUM(CJ71:CL71)*100/12 -> 50 | CU71: =SUM(CM71:CT71)/8 -> 29.947917 | CV71: 3 | CW71: 0 | CX71: 0 | CY71: 0 | CZ71: 0 | DA71: 0 | DB71: 0 | DC71: 2 | DD71: 0 | DE71: 0 | DF71: 4 | DG71: 0 | DH71: 1 | DI71: 3 | DJ71: 0 | DK71: =SUM(CV71:DA71,DC71:DI71) -> 13 | DL71: 4 | DM71: 2 | DN71: 2 | DO71: 2 | DP71: 4 | DQ71: 4 | DR71: 4 | DS71: 4 | DT71: 3 | DU71: 3 | DV71: 2 | DW71: 3 | DX71: 3 | DY71: =SUM(DL71:DX71) -> 40 | DZ71: 4 | EA71: 3 | EB71: 3 | EC71: 2 | ED71: 3 | EE71: 3 | EF71: 4 | EG71: 4 | EH71: 4 | EI71: 4 | EJ71: 4 | EK71: 4 | EL71: 4 | EM71: 2 | EN71: 2 | EO71: 2 | EP71: 2 | EQ71: 2 | ER71: 2 | ES71: 2 | ET71: 2 | EU71: 3 | EV71: 2 | EW71: 1 | EX71: 1 | EY71: 1 | EZ71: 1 | FA71: 3 | FB71: 3 | FC71: 0 | FD71: 0 | FE71: 0 | FF71: 3 | FG71: =SUM(DZ71:FF71) -> 80 | FH71: 0 | FI71: 0 | FJ71: 2 | FK71: 3 | FL71: 4 | FM71: 0 | FN71: =SUM(FH71:FM71) -> 9 | FO71: =SUM(DK71,DY71,FG71,FN71) -> 142 | FP71: 8 | FQ71: 0 | FR71: 3 | FS71: 3 | FT71: 3 | FU71: 2 | FV71: 2 | FW71: 6 | FX71: =SUM(FQ71:FW71) -> 19 | FY71: 2 | FZ71: =IF($G71<=50,$FY71+0,IF(AND($G71<60,$G71>50),$FY71+1,IF(AND($G71<70,$G71>60),$FY71+2,IF(AND($G71<80,$G71>70),$FY71+3,IF(AND($G71<90,$G71>80),$FY71+4,IF($G71>=90,$FY71+5,"")))))) -> 5 | GA71: 0
A72: 71 | B72: 1 | C72: 1 | D72: 1 | E72: 17947 | F72: 44699 | G72: =DATEDIF(E72,F72,"M")/12 -> 73.25 | H72: 59 | I72: =G72-H72 -> 14.25 | J72: 0 | K72: 1 | L72: 1 | M72: 0 | N72: 2 | O72: 3 | P72: 2 | Q72: 4 | R72: 3 | S72: 1 | T72: 1 | U72: 0 | V72: 1 | W72: 1 | X72: 3 | Y72: 1 | Z72: 6 | AA72: 1 | AB72: 6 | AC72: 0 | AD72: 6 | AE72: 0 | AF72: 0 | AG72: 0 | AH72: 0 | AI72: =AJ72*ledd!$B$2+AK72*ledd!$B$3+AL72*ledd!$B$4+AM72*ledd!$B$5+AN72*ledd!$B$6+AO72*ledd!$B$7+AP72*ledd!$B$8+AQ72*ledd!$B$9+AR72*ledd!$B$10+AS72*ledd!$B$11+AT72*ledd!$B$12+AU72*ledd!$B$13+AV72*ledd!$B$14+AW72*ledd!$B$15+AX72*ledd!$B$16 -> 1375 | AJ72: 1100 | AK72: 100 | AL72: 0 | AM72: 0 | AN72: 0 | AO72: 0 | AP72: 0 | AQ72: 0 | AR72: 0 | AS72: 0 | AT72: 200 | AU72: 0 | AV72: 0 | AW72: 0 | AX72: 0 | AY72: 4 | AZ72: 1 | BA72: 3 | BB72: 3 | BC72: 3 | BD72: 2 | BE72: 3 | BF72: 2 | BG72: 3 | BH72: 2 | BI72: 3 | BJ72: 2 | BK72: 2 | BL72: 2 | BM72: 3 | BN72: 2 | BO72: 2 | BP72: 1 | BQ72: 1 | BR72: 1 | BS72: 1 | BT72: 1 | BU72: 2 | BV72: 0 | BW72: 1 | BX72: 1 | BY72: 0 | BZ72: 3 | CA72: 3 | CB72: 1 | CC72: 1 | CD72: 2 | CE72: 2 | CF72: 2 | CG72: 1 | CH72: 1 | CI72: 1 | CJ72: 1 | CK72: 1 | CL72: 1 | CM72: =(SUM(AZ72:BI72)*100/40) -> 62.5 | CN72: =SUM(BJ72:BO72)*100/24 -> 54.166667 | CO72: =SUM(BP72:BU72)*100/24 -> 29.166667 | CP72: =SUM(BV72:BY72)*100/16 -> 12.5 | CQ72: =SUM(BZ72:CB72)*100/12 -> 58.333333 | CR72: =SUM(CC72:CF72)*100/16 -> 43.75 | CS72: =SUM(CG72:CI72)*100/12 -> 25 | CT72: =SUM(CJ72:CL72)*100/12 -> 25 | CU72: =SUM(CM72:CT72)/8 -> 38.802083 | CV72: 1 | CW72: 0 | CX72: 1 | CY72: 0 | CZ72: 0 | DA72: 0 | DB72: 0 | DC72: 0 | DD72: 0 | DE72: 1 | DF72: 0 | DG72: 4 | DH72: 0 | DI72: 0 | DJ72: 0 | DK72: =SUM(CV72:DA72,DC72:DI72) -> 7 | DL72: 0 | DM72: 0 | DN72: 0 | DO72: 0 | DP72: 0 | DQ72: 0 | DR72: 3 | DS72: 3 | DT72: 2 | DU72: 1 | DV72: 0 | DW72: 2 | DX72: 2 | DY72: =SUM(DL72:DX72) -> 13 | DZ72: 0 | EA72: 2 | EB72: 0 | EC72: 0 | ED72: 0 | EE72: 0 | EF72: 0 | EG72: 0 | EH72: 1 | EI72: 0 | EJ72: 0 | EK72: 0 | EL72: 1 | EM72: 0 | EN72: 2 | EO72: 0 | EP72: 1 | EQ72: 0 | ER72: 0 | ES72: 0 | ET72: 0 | EU72: 2 | EV72: 0 | EW72: 0 | EX72: 0 | EY72: 0 | EZ72: 0 | FA72: 0 | FB72: 0 | FC72: 0 | FD72: 0 | FE72: 0 | FF72: 0 | FG72: =SUM(DZ72:FF72) -> 9 | FH72: 0 | FI72: 0 | FJ72: 2 | FK72: 3 | FL72: 4 | FM72: 0 | FN72: =SUM(FH72:FM72) -> 9 | FO72: =SUM(DK72,DY72,FG72,FN72) -> 38 | FP72: 4 | FQ72: 4 | FR72: 3 | FS72: 6 | FT72: 3 | FU72: 2 | FV72: 3 | FW72: 6 | FX72: =SUM(FQ72:FW72) -> 27 | FY72: 0 | FZ72: =IF($G72<=50,$FY72+0,IF(AND($G72<60,$G72>50),$FY72+1,IF(AND($G72<70,$G72>60),$FY72+2,IF(AND($G72<80,$G72>70),$FY72+3,IF(AND($G72<90,$G72>80),$FY72+4,IF($G72>=90,$FY72+5,"")))))) -> 3 | GA72: 1
A73: 72 | B73: 1 | C73: 1 | D73: 1 | E73: 20495 | F73: 44700 | G73: =DATEDIF(E73,F73,"M")/12 -> 66.25 | H73: 50 | I73: =G73-H73 -> 16.25 | J73: 1 | K73: 1 | L73: 8 | M73: 0 | N73: 3 | O73: 1 | P73: 1 | Q73: 1 | R73: 1 | S73: 0 | T73: 0 | U73: 0 | V73: 0 | W73: 0 | X73: 2 | Y73: 2 | Z73: 0 | AA73: 1 | AB73: 0 | AC73: 1 | AD73: 1 | AE73: 1 | AF73: 0 | AG73: 0 | AH73: 0 | AI73: =AJ73*ledd!$B$2+AK73*ledd!$B$3+AL73*ledd!$B$4+AM73*ledd!$B$5+AN73*ledd!$B$6+AO73*ledd!$B$7+AP73*ledd!$B$8+AQ73*ledd!$B$9+AR73*ledd!$B$10+AS73*ledd!$B$11+AT73*ledd!$B$12+AU73*ledd!$B$13+AV73*ledd!$B$14+AW73*ledd!$B$15+AX73*ledd!$B$16 -> 764 | AJ73: 500 | AK73: 0 | AL73: 800 | AM73: 0 | AN73: 0 | AO73: 0 | AP73: 0 | AQ73: 0 | AR73: 0 | AS73: 0 | AT73: 0 | AU73: 0 | AV73: 0 | AW73: 0 | AX73: 0 | AY73: 4 | AZ73: 3 | BA73: 3 | BB73: 3 | BC73: 4 | BD73: 3 | BE73: 2 | BF73: 2 | BG73: 4 | BH73: 4 | BI73: 3 | BJ73: 4 | BK73: 4 | BL73: 4 | BM73: 4 | BN73: 2 | BO73: 2 | BP73: 1 | BQ73: 0 | BR73: 0 | BS73: 0 | BT73: 0 | BU73: 3 | BV73: 0 | BW73: 0 | BX73: 1 | BY73: 0 | BZ73: 0 | CA73: 0 | CB73: 0 | CC73: 0 | CD73: 2 | CE73: 2 | CF73: 0 | CG73: 0 | CH73: 0 | CI73: 0 | CJ73: 2 | CK73: 4 | CL73: 0 | CM73: =(SUM(AZ73:BI73)*100/40) -> 77.5 | CN73: =SUM(BJ73:BO73)*100/24 -> 83.333333 | CO73: =SUM(BP73:BU73)*100/24 -> 16.666667 | CP73: =SUM(BV73:BY73)*100/16 -> 6.25 | CQ73: =SUM(BZ73:CB73)*100/12 -> 0 | CR73: =SUM(CC73:CF73)*100/16 -> 25 | CS73: =SUM(CG73:CI73)*100/12 -> 0 | CT73: =SUM(CJ73:CL73)*100/12 -> 50 | CU73: =SUM(CM73:CT73)/8 -> 32.34375 | CV73: 2 | CW73: 0 | CX73: 2 | CY73: 0 | CZ73: 2 | DA73: 0 | DB73: 0 | DC73: 0 | DD73: 0 | DE73: 4 | DF73: 3 | DG73: 4 | DH73: 4 | DI73: 2 | DJ73: 0 | DK73: =SUM(CV73:DA73,DC73:DI73) -> 23 | DL73: 1 | DM73: 0 | DN73: 2 | DO73: 2 | DP73: 3 | DQ73: 3 | DR73: 3 | DS73: 3 | DT73: 3 | DU73: 3 | DV73: 4 | DW73: 4 | DX73: 2 | DY73: =SUM(DL73:DX73) -> 33 | DZ73: 2 | EA73: 2 | EB73: 0 | EC73: 0 | ED73: 0 | EE73: 0 | EF73: 0 | EG73: 2 | EH73: 2 | EI73: 2 | EJ73: 1 | EK73: 3 | EL73: 3 | EM73: 4 | EN73: 4 | EO73: 1 | EP73: 3 | EQ73: 3 | ER73: 3 | ES73: 2 | ET73: 3 | EU73: 2 | EV73: 2 | EW73: 2 | EX73: 0 | EY73: 2 | EZ73: 0 | FA73: 2 | FB73: 0 | FC73: 0 | FD73: 0 | FE73: 0 | FF73: 2 | FG73: =SUM(DZ73:FF73) -> 52 | FH73: 0 | FI73: 0 | FJ73: 0 | FK73: 0 | FL73: 0 | FM73: 0 | FN73: =SUM(FH73:FM73) -> 0 | FO73: =SUM(DK73,DY73,FG73,FN73) -> 108 | FP73: 8 | FQ73: 4 | FR73: 2 | FS73: 5 | FT73: 2 | FU73: 1 | FV73: 2 | FW73: 6 | FX73: =SUM(FQ73:FW73) -> 22 | FY73: 2 | FZ73: =IF($G73<=50,$FY73+0,IF(AND($G73<60,$G73>50),$FY73+1,IF(AND($G73<70,$G73>60),$FY73+2,IF(AND($G73<80,$G73>70),$FY73+3,IF(AND($G73<90,$G73>80),$FY73+4,IF($G73>=90,$FY73+5,"")))))) -> 4 | GA73: 0
A74: 73 | B74: 1 | C74: 1 | D74: 1 | E74: 22752 | F74: 44711 | G74: =DATEDIF(E74,F74,"M")/12 -> 60.083333 | H74: 42 | I74: =G74-H74 -> 18.083333 | J74: 11 | K74: 1 | L74: 8 | M74: 0 | N74: 2 | O74: 0 | P74: 1 | Q74: 4 | R74: 3 | S74: 0 | T74: 0 | U74: 0 | V74: 1 | W74: 1 | X74: 0 | Y74: 0 | AA74: 0 | AC74: 0 | AD74: 0 | AE74: 1 | AF74: 0 | AG74: 0 | AH74: 0 | AI74: =AJ74*ledd!$B$2+AK74*ledd!$B$3+AL74*ledd!$B$4+AM74*ledd!$B$5+AN74*ledd!$B$6+AO74*ledd!$B$7+AP74*ledd!$B$8+AQ74*ledd!$B$9+AR74*ledd!$B$10+AS74*ledd!$B$11+AT74*ledd!$B$12+AU74*ledd!$B$13+AV74*ledd!$B$14+AW74*ledd!$B$15+AX74*ledd!$B$16 -> 925 | AJ74: 250 | AK74: 0 | AL74: 500 | AM74: 0 | AN74: 2.1 | AO74: 0 | AP74: 0 | AQ74: 0 | AR74: 0 | AS74: 0 | AT74: 300 | AU74: 0 | AV74: 0 | AW74: 0 | AX74: 0 | AY74: 2 | AZ74: 3 | BA74: 2 | BB74: 4 | BC74: 4 | BD74: 2 | BE74: 2 | BF74: 2 | BG74: 0 | BH74: 0 | BI74: 0 | BJ74: 0 | BK74: 0 | BL74: 0 | BM74: 0 | BN74: 0 | BO74: 3 | BP74: 0 | BQ74: 0 | BR74: 0 | BS74: 0 | BT74: 0 | BU74: 0 | BV74: 0 | BW74: 0 | BX74: 0 | BY74: 0 | BZ74: 0 | CA74: 0 | CB74: 0 | CC74: 2 | CD74: 0 | CE74: 2 | CF74: 2 | CG74: 0 | CH74: 0 | CI74: 0 | CJ74: 0 | CK74: 3 | CL74: 3 | CM74: =(SUM(AZ74:BI74)*100/40) -> 47.5 | CN74: =SUM(BJ74:BO74)*100/24 -> 12.5 | CO74: =SUM(BP74:BU74)*100/24 -> 0 | CP74: =SUM(BV74:BY74)*100/16 -> 0 | CQ74: =SUM(BZ74:CB74)*100/12 -> 0 | CR74: =SUM(CC74:CF74)*100/16 -> 37.5 | CS74: =SUM(CG74:CI74)*100/12 -> 0 | CT74: =SUM(CJ74:CL74)*100/12 -> 50 | CU74: =SUM(CM74:CT74)/8 -> 18.4375 | CV74: 1 | CW74: 0 | CX74: 0 | CY74: 0 | CZ74: 0 | DA74: 0 | DB74: 0 | DC74: 3 | DD74: 2 | DE74: 4 | DF74: 2 | DG74: 3 | DH74: 0 | DI74: 0 | DJ74: 0 | DK74: =SUM(CV74:DA74,DC74:DI74) -> 15 | DL74: 0 | DM74: 0 | DN74: 0 | DO74: 0 | DP74: 0 | DQ74: 0 | DR74: 0 | DS74: 3 | DT74: 2 | DU74: 1 | DV74: 2 | DW74: 3 | DX74: 0 | DY74: =SUM(DL74:DX74) -> 11 | DZ74: 0 | EA74: 0 | EB74: 0 | EC74: 0 | ED74: 0 | EE74: 0 | EF74: 0 | EG74: 0 | EH74: 0 | EI74: 0 | EJ74: 1 | EK74: 2 | EL74: 1 | EM74: 0 | EN74: 0 | EO74: 0 | EP74: 0 | EQ74: 0 | ER74: 2 | ES74: 1 | ET74: 0 | EU74: 2 | EV74: 1 | EW74: 0 | EX74: 0 | EY74: 0 | EZ74: 0 | FA74: 0 | FB74: 0 | FC74: 0 | FD74: 0 | FE74: 0 | FF74: 1 | FG74: =SUM(DZ74:FF74) -> 11 | FH74: 0 | FI74: 0 | FJ74: 0 | FK74: 0 | FL74: 0 | FM74: 0 | FN74: =SUM(FH74:FM74) -> 0 | FO74: =SUM(DK74,DY74,FG74,FN74) -> 37 | FP74: 5 | FQ74: 5 | FR74: 3 | FS74: 6 | FT74: 3 | FU74: 2 | FV74: 3 | FW74: 6 | FX74: =SUM(FQ74:FW74) -> 28 | FY74: 1 | FZ74: =IF($G74<=50,$FY74+0,IF(AND($G74<60,$G74>50),$FY74+1,IF(AND($G74<70,$G74>60),$FY74+2,IF(AND($G74<80,$G74>70),$FY74+3,IF(AND($G74<90,$G74>80),$FY74+4,IF($G74>=90,$FY74+5,"")))))) -> 3 | GA74: 1
